ticket_id,opened_at,closed_at,status,priority,requester_id,requester_dept,assignee_id,category,subcategory,subject,description,related_policy_file,related_email_file,related_chat_channel,related_chat_file,evidence_path
HR-202501-0001,2025-01-28 16:08:00,2025-01-31 01:08:00,Closed,Low,E0040,IT,E0075,Payroll,Payslip,Payroll – Payslip assistance,User E0040 requests help regarding Payroll/Payslip.,compensation_benefits_policy_en.docx,2025-01-29_0700_training_overdue.eml,,,_evidence\hr_ticket_001_note.txt
HR-202501-0002,2025-01-28 10:10:00,,Closed,Medium,E0061,Finance,E0069,Policy,GDPR,Policy – GDPR assistance,User E0061 requests help regarding Policy/GDPR.,code_of_conduct_en.docx,,,,
HR-202501-0003,2025-02-01 17:29:00,2025-02-05 17:29:00,Resolved,Medium,E0062,IT,E0018,Benefits,Wellbeing,Benefits – Wellbeing assistance,User E0062 requests help regarding Benefits/Wellbeing.,compensation_benefits_policy_en.docx,,,,
HR-202501-0004,2025-01-16 17:01:00,2025-01-25 02:01:00,Resolved,High,E0094,Legal,E0029,Payroll,Payslip,Payroll – Payslip assistance,User E0094 requests help regarding Payroll/Payslip.,compensation_benefits_policy_en.docx,,,,
HR-202501-0005,2025-01-24 15:13:00,2025-01-28 02:13:00,Closed,Low,E0055,Finance,E0051,Recruitment,Referral,Recruitment – Referral assitance,User E0055 requests help regarding Recruitment/Referral.,,2025-01-31_0912_flex_approval.eml,,,
HR-202501-0006,2025-02-01 17:54:00,,Waiting for Employee,Medium,E0064,Marketing,E0086,Leave,Balance,Leave – Balance assistance,User E0064 requests help regarding Leave/Balance.,leave_policy_en.docx,2025-01-26_0910_dsar_request.eml,,,
HR-202501-0007,2025-01-22 10:45:00,,Open,Medium,E0115,Sales,E0051,Benefits,Health,Benefits – Health assistance,User E0115 requests help regarding Benefits/Health.,compensation_benefits_policy_en.docx,2025-01-29_0700_training_overdue.eml,,,
HR-202501-0008,2025-02-02 09:14:00,2025-02-06 11:14:00,Resolved,Medium,E0015,HR,E0015,Payroll,Payslip,Payroll – Payslip assistance,User E0015 requests help regarding Payroll/Payslip.,compensation_benefits_policy_en.docx,,,,
HR-202501-0009,2025-01-24 09:53:00,2025-01-24 19:53:00,Resolved,Low,E0046,Operations,E0075,Leave,Policy,Leave – Policy assistance,User E0046 requests help regarding Leave/Policy.,leave_policy_en.docx,,hr-helpdesk,2025-01-22.json,_evidence\hr_ticket_009_note.txt
HR-202501-0010,2025-01-31 17:10:00,2025-02-09 17:10:00,Resolved,Low,E0079,Operations,E0015,Other,Question,Other – Question assistance,User E0079 requests help regarding Other/Question.,,,,,
HR-202501-0011,2025-02-02 13:42:00,,In Progress,Urgent,E0019,Sales,E0033,Policy,Code of Conduct,Policy – Code of Conduct assistance,User E0019 requests help regarding Policy/Code of Conduct.,code_of_conduct_en.docx,,,,
HR-202501-0012,2025-01-23 15:55:00,,Open,High,E0034,Finance,E0051,Recruitment,Referral,Recruitment – Referral assistance,User E0034 requests help regarding Recruitment/Referral.,,2025-01-31_0831_flex_request.eml,,,_evidence\hr_ticket_012_note.txt
HR-202501-0013,2025-01-24 11:09:00,,In Progress,Medium,E0074,Marketing,E0030,Other,Question,Other – Question assistance,User E0074 requests help regarding Other/Question.,,2025-xx_malformed_notice.eml,,,
HR-202501-0014,2025-02-03 17:36:00,2025-02-12 05:36:00,Closed,Low,E0010,Data Science,E0030,Leave,Policy,Leave – Policy assistance,User E0010 requests help regarding Leave/Policy.,leave_policy_en.docx,,,,
HR-202501-0015,2025-01-25 09:42:00,2025-02-02 04:42:00,Closed,Medium,E0113,Sales,E0024,Policy,GDPR,Policy – GDPR assistance,User E0113 requests help regarding Policy/GDPR.,code_of_conduct_en.docx,,,,_evidence\hr_ticket_015_note.txt
HR-202501-0016,2025-02-03 14:31:00,2025-02-11 03:31:00,Resolved,Low,E0014,IT,E0069,Policy,Code of Conduct,Policy – Code of Conduct assistance,User E0014 requests help regarding Policy/Code of Conduct.,code_of_conduct_en.docx,,,,
HR-202501-0017,2025-01-28 10:50:00,2025-02-04 04:50:00,Resolved,Low,E0046,Operations,E0024,Other,Question,Other – Question assistance,User E0046 requests help regarding Other/Question.,,,security,2025-01-25.json,
HR-202501-0018,2025-01-17 12:50:00,,Open,Low,E0106,Legal,E0024,Recruitment,Referral,Recruitment – Referral assistance,User E0106 requests help regarding Recruitment/Referral.,,,,,
HR-202501-0019,2025-01-30 12:53:00,,Open,Medium,E0070,Operations,E0018,Benefits,Wellbeing,Benefits – Wellbeing assistance,User E0070 requests help regarding Benefits/Wellbeing.,compensation_benefits_policy_en.docx,,,,
HR-202501-0020,2025-02-03 13:28:00,,In Progress,Low,E0007,HR,E0086,Policy,GDPR,Policy – GDPR assistance,User E0007 requests help regarding Policy/GDPR.,code_of_conduct_en.docx,,,,_evidence\hr_ticket_020_note.txt
HR-202501-0021,2025-01-27 11:28:00,2025-02-02 02:28:00,Closed,Low,E0119,Legal,E0086,Benefits,Health,Benefits – Health assistance,User E0119 requests help regarding Benefits/Health.,compensation_benefits_policy_en.docx,2025-01-18_1102_expense_submission.eml,,,
HR-202501-0022,2025-02-02 12:13:00,,In Progress,Medium,E0063,Data Science,E0097,Other,Question,Other – Question assistance,User E0063 requests help regarding Other/Question.,,2025-01-31_0831_flex_request.eml,,,
HR-202501-0023,2025-01-20 15:42:00,2025-01-27 06:42:00,Resolved,Medium,E0097,HR,E0097,Recruitment,Referral,Recruitment – Referral assistance,User E0097 requests help regarding Recruitment/Referral.,,,hr-helpdesk,2025-01-22.json,
HR-202501-0024,2025-01-15 10:16:00,2025-01-21 23:16:00,Closed,High,E0101,IT,E0015,Benefits,Wellbeing,Benefits – Wellbeing assitance,User E0101 requests help regarding Benefits/Wellbeing.,compensation_benefits_policy_en.docx,,people-ops,2025-02-01.json,
HR-202501-0025,2025-01-20 11:18:00,,In Progress,Medium,E0081,Finance,E0030,Benefits,Wellbeing,Benefits – Wellbeing assistance,User E0081 requests help regarding Benefits/Wellbeing.,compensation_benefits_policy_en.docx,,,,
HR-202501-0026,2025-01-29 09:18:00,2025-02-03 02:18:00,Closed,Medium,E0085,Data Science,E0086,Policy,GDPR,Policy – GDPR assistance,User E0085 requests help regarding Policy/GDPR.,code_of_conduct_en.docx,2025-01-15_0932_leave_request.eml,,,
HR-202501-0027,2025-01-30 14:46:00,2025-02-02 17:46:00,Resolved,Low,E0006,Finance,E0051,Training,Mandatory,Training – Mandatory assistance,User E0006 requests help regarding Training/Mandatory.,training_development_policy_en.docx,2025-01-29_0700_training_overdue.eml,hr-helpdesk,2025-01-22.json,
HR-202501-0028,2025-02-02 17:26:00,,In Progress,Low,E0006,Finance,,Leave,Policy,Leave – Policy assistance,User E0006 requests help regarding Leave/Policy.,leave_policy_en.docx,,,,
HR-202501-0029,2025-01-28 10:20:00,2025-02-02 20:20:00,Closed,High,E0027,Marketing,E0051,Policy,Code of Conduct,Policy – Code of Conduct assistance,User E0027 requests help regarding Policy/Code of Conduct.,code_of_conduct_en.docx,,people-ops,2025-02-01.json,
HR-202501-0030,2025-01-15 13:46:00,2025-01-23 22:46:00,Resolved,High,E0111,HR,E0018,Training,Mandatory,Training – Mandatory assistance,User E0111 requests help regarding Training/Mandatory.,training_development_policy_en.docx,2025-01-25_2103_anonymous_tip.eml,,,
HR-202501-0031,2025-01-15 15:00:00,2025-01-15 23:00:00,Resolved,Low,E0040,IT,E0033,Benefits,Wellbeing,Benefits – Wellbeing assistance,User E0040 requests help regarding Benefits/Wellbeing.,compensation_benefits_policy_en.docx,,,,
HR-202501-0032,2025-02-01 13:52:00,2025-02-11 00:52:00,Closed,High,E0031,Sales,E0042,Policy,Code of Conduct,Policy – Code of Conduct assistance,User E0031 requests help regarding Policy/Code of Conduct.,code_of_conduct_en.docx,,,,
HR-202501-0033,2025-01-19 09:27:00,,Resolved,Low,E0069,HR,E0018,Policy,GDPR,Policy – GDPR assistance,User E0069 requests help regarding Policy/GDPR.,code_of_conduct_en.docx,,,,
HR-202501-0034,2025-01-24 11:05:00,,Resolved,Low,E0014,IT,E0086,Policy,Code of Conduct,Policy – Code of Conduct assistance,User E0014 requests help regarding Policy/Code of Conduct.,code_of_conduct_en.docx,2025-01-22_0801_lost_laptop.eml,,,
HR-202501-0035,2025-01-30 13:31:00,,In Progress,Low,E0077,Data Science,E0015,Training,Mandatory,Training – Mandatory assistance,User E0077 requests help regarding Training/Mandatory.,training_development_policy_en.docx,,,,_evidence\hr_ticket_035_note.txt
HR-202501-0036,2025-01-27 11:25:00,2025-02-03 15:25:00,Closed,Medium,E0031,Sales,E0042,Payroll,Payslip,Payroll – Payslip assistance,User E0031 requests help regarding Payroll/Payslip.,compensation_benefits_policy_en.docx,,,,
HR-202501-0037,2025-01-16 09:27:00,,In Progress,High,E0113,Sales,E0018,Training,Mandatory,Training – Mandatory assistance,User E0113 requests help regarding Training/Mandatory.,training_development_policy_en.docx,,,,
HR-202501-0038,2025-01-26 13:16:00,2025-01-27 22:16:00,Closed,Low,E0109,Legal,E0075,Leave,Balance,Leave – Balance assistance,User E0109 requests help regarding Leave/Balance.,leave_policy_en.docx,,people-ops,2025-02-01.json,
HR-202501-0039,2025-01-18 14:02:00,2025-01-20 02:02:00,Closed,Low,E0096,Data Science,E0018,Benefits,Health,Benefits – Health assistance,User E0096 requests help regarding Benefits/Health.,compensation_benefits_policy_en.docx,,,,
HR-202501-0040,2025-01-24 09:59:00,,Open,Medium,E0086,HR,E0001,Payroll,Payslip,Payroll – Payslip assistance,User E0086 requests help regarding Payroll/Payslip.,compensation_benefits_policy_en.docx,,,,
HR-202501-0041,2025-01-31 15:22:00,2025-02-04 14:22:00,Closed,Medium,E0111,HR,E0042,Training,Mandatory,Training – Mandatory assistance,User E0111 requests help regarding Training/Mandatory.,training_development_policy_en.docx,,,,
HR-202501-0042,2025-02-04 16:45:00,2025-02-14 08:45:00,Resolved,Low,E0104,Data Science,E0086,Leave,Policy,Leave – Policy assistance,User E0104 requests help regarding Leave/Policy.,leave_policy_en.docx,2025-01-25_2103_anonymous_tip.eml,,,
HR-202501-0043,2025-01-29 12:11:00,2025-01-31 06:11:00,Resolved,Low,E0029,HR,E0097,Leave,Policy,Leave – Policy assistance,User E0029 requests help regarding Leave/Policy.,leave_policy_en.docx,,security,2025-01-25.json,
HR-202501-0044,2025-02-01 09:18:00,2025-02-07 20:18:00,Resolved,Low,E0116,Marketing,E0097,Payroll,Tax Form,Payroll – Tax Form assistance,User E0116 requests help regarding Payroll/Tax Form.,compensation_benefits_policy_en.docx,,,,
HR-202501-0045,2025-01-25 15:06:00,2025-01-31 20:06:00,Closed,Medium,E0113,Sales,E0030,Benefits,Health,Benefits – Health assistance,User E0113 requests help regarding Benefits/Health.,compensation_benefits_policy_en.docx,2025-01-31_0831_flex_request.eml,people-ops,2025-02-01.json,
HR-202501-0046,2025-01-24 14:49:00,2025-01-27 11:49:00,Closed,Medium,E0024,HR,E0097,Payroll,Payslip,Payroll – Payslip assistance,User E0024 requests help regarding Payroll/Payslip.,compensation_benefits_policy_en.docx,2025-01-26_0910_dsar_request.eml,,,_evidence\hr_ticket_046_note.txt
HR-202501-0047,2025-01-24 15:39:00,,In Progress,Medium,E0047,IT,E0030,Benefits,Health,Benefits – Health assistance,User E0047 requests help regarding Benefits/Health.,compensation_benefits_policy_en.docx,,,,
HR-202501-0048,2025-01-21 15:12:00,2025-01-28 09:12:00,Closed,Low,E0004,IT,E0001,Training,Mandatory,Training – Mandatory assistance,User E0004 requests help regarding Training/Mandatory.,training_development_policy_en.docx,2025-01-29_0700_training_overdue.eml,,,_evidence\hr_ticket_048_note.txt
HR-202501-0049,2025-01-15 12:56:00,,In Progress,Medium,E0052,Marketing,E0015,Benefits,Wellbeing,Benefits – Wellbeing assistance,User E0052 requests help regarding Benefits/Wellbeing.,compensation_benefits_policy_en.docx,2025-01-31_0912_flex_approval.eml,,,
HR-202501-0050,2025-01-19 14:36:00,,Resolved,Low,E0033,HR,E0042,Training,Mandatory,Training – Mandatory assistance,User E0033 requests help regarding Training/Mandatory.,training_development_policy_en.docx,,,,_evidence\hr_ticket_050_note.txt
HR-202501-0051,2025-01-25 15:28:00,2025-02-02 09:28:00,Closed,Low,E0045,Marketing,E0076,Benefits,Health,Benefits – Health assistance,User E0045 requests help regarding Benefits/Health.,compensation_benefits_policy_en.docx,,,,
HR-202501-0052,2025-01-21 15:26:00,2025-01-29 04:26:00,Resolved,Medium,E0030,HR,E0018,Leave,Policy,Leave – Policy assistance,User E0030 requests help regarding Leave/Policy.,leave_policy_en.docx,,,,
HR-202501-0053,2025-01-27 09:49:00,2025-01-28 10:49:00,Resolved,High,E0081,Finance,E0051,Policy,Code of Conduct,Policy – Code of Conduct assitance,User E0081 requests help regarding Policy/Code of Conduct.,code_of_conduct_en.docx,,travel,2025-01-29.json,
HR-202501-0054,2025-01-28 15:41:00,2025-01-31 16:41:00,Closed,Medium,E0088,Marketing,E0075,Benefits,Health,Benefits – Health assistance,User E0088 requests help regarding Benefits/Health.,compensation_benefits_policy_en.docx,,,,
HR-202501-0055,2025-01-19 14:53:00,2025-01-21 20:53:00,Resolved,Low,E0019,Sales,E0030,Benefits,Wellbeing,Benefits – Wellbeing assistance,User E0019 requests help regarding Benefits/Wellbeing.,compensation_benefits_policy_en.docx,,people-ops,2025-02-01.json,
HR-202501-0056,2025-01-31 09:25:00,2025-02-03 22:25:00,Resolved,Medium,E0105,IT,E0007,Payroll,Tax Form,Payroll – Tax Form assistance,User E0105 requests help regarding Payroll/Tax Form.,compensation_benefits_policy_en.docx,,hr-helpdesk,2025-01-22.json,
HR-202501-0057,2025-01-23 14:34:00,2025-02-01 02:34:00,Resolved,Medium,E0040,IT,E0086,Recruitment,Referral,Recruitment – Referral assistance,User E0040 requests help regarding Recruitment/Referral.,,2025-01-25_2103_anonymous_tip.eml,,,
HR-202501-0058,2025-01-17 16:55:00,,Resolved,Low,E0043,Sales,E0024,Payroll,Tax Form,Payroll – Tax Form assistance,User E0043 requests help regarding Payroll/Tax Form.,compensation_benefits_policy_en.docx,,,,
HR-202501-0059,2025-01-30 11:50:00,,Resolved,Low,E0056,IT,,Policy,Code of Conduct,Policy – Code of Conduct assistance,User E0056 requests help regarding Policy/Code of Conduct.,code_of_conduct_en.docx,,,,
HR-202501-0060,2025-01-29 10:32:00,2025-02-04 23:32:00,Closed,Urgent,E0061,Finance,E0097,Leave,Balance,Leave – Balance assistance,User E0061 requests help regarding Leave/Balance.,leave_policy_en.docx,,,,
HR-202501-0020,2025-02-03 13:28:00,,In Progress,Low,E0007,HR,E0086,Policy,GDPR,Policy – GDPR assistance,User E0007 requests help regarding Policy/GDPR.,code_of_conduct_en.docx,,,,_evidence\hr_ticket_020_note.txt
HR-202501-0005,2025-01-24 15:13:00,2025-01-28 02:13:00,Closed,Low,E0055,Finance,E0051,Recruitment,Referral,Recruitment – Referral assitance,User E0055 requests help regarding Recruitment/Referral.,,2025-01-31_0912_flex_approval.eml,,,
HR-202501-0060,2025-01-29 10:32:00,2025-02-04 23:32:00,Closed,Urgent,E0061,Finance,E0097,Leave,Balance,Leave – Balance assistance,User E0061 requests help regarding Leave/Balance.,leave_policy_en.docx,,,,
HR-202501-9568,2025-02-04 17:00:00,2025-02-12 00:00:00,Resolved,Low,E0109,Legal,E0007,Recruitment,Referral,Recruitment – Referral assistance,User E0109 requests help regarding Recruitment/Referral.,,2025-01-18_0043_training_certificate_upload_issue_reply_001.eml,,,
HR-202501-9065,2025-01-25 17:07:00,2025-02-02 10:07:00,Resolved,Low,E0082,Marketing,E0024,Recruitment,Referral,Recruitment – Referral assistance,User E0082 requests help regarding Recruitment/Referral.,,,,,
HR-202501-4895,2025-01-20 10:42:00,2025-01-22 09:42:00,Resolved,Low,E0074,Marketing,E0051,Leave,Policy,Leave – Policy assistance,User E0074 requests help regarding Leave/Policy.,leave_policy_en.docx,,,,
HR-202501-6671,2025-01-26 12:16:00,2025-01-31 11:16:00,Closed,Low,E0101,IT,E0029,Other,Question,Other – Question assistance,User E0101 requests help regarding Other/Question.,,2025-01-16_0636_leave_balance_clarification_reply_001.eml,,,
HR-202501-3766,2025-01-22 14:57:00,2025-01-24 18:57:00,Resolved,Low,E0041,Marketing,E0030,Payroll,Payslip,Payroll – Payslip assistance,User E0041 requests help regarding Payroll/Payslip.,compensation_benefits_policy_pl.docx,,,,
HR-202501-8279,2025-02-05 17:31:00,2025-02-12 18:31:00,Resolved,Medium,E0012,Data Science,E0007,Policy,GDPR,Policy – GDPR assistance,User E0012 requests help regarding Policy/GDPR.,code_of_conduct_pl_hardpush.docx,2025-01-15_1255_expense_policy_question_001.eml,,,
HR-202501-2417,2025-01-19 09:27:00,2025-01-28 01:27:00,Resolved,Low,E0087,Legal,E0015,Policy,GDPR,Policy – GDPR assistance,User E0087 requests help regarding Policy/GDPR.,code_of_conduct_en.docx,,hr-helpdesk,2025-01-28.json,
HR-202501-4836,2025-01-16 13:20:00,2025-01-25 00:20:00,Resolved,Low,E0050,Finance,E0051,Training,Mandatory,Training – Mandatory assistance,User E0050 requests help regarding Training/Mandatory.,training_development_policy_pl_expanded.docx,2025-01-16_1000_leave_balance_clarification_001.eml,,,
HR-202501-7085,2025-01-15 09:43:00,,Resolved,Low,E0082,Marketing,E0111,Payroll,Tax Form,Payroll – Tax Form assistance,User E0082 requests help regarding Payroll/Tax Form.,compensation_benefits_policy_pl.docx,,,,
HR-202501-9055,2025-01-21 10:42:00,2025-01-29 18:42:00,Closed,Medium,E0099,Legal,E0042,Payroll,Tax Form,Payroll – Tax Form assistance,User E0099 requests help regarding Payroll/Tax Form.,compensation_benefits_policy_pl.docx,,,,
HR-202501-4523,2025-02-03 13:45:00,2025-02-08 01:45:00,Resolved,Low,E0006,Finance,E0015,Leave,Balance,Leave – Balance assistance,User E0006 requests help regarding Leave/Balance.,leave_policy_pl_v2.docx,2025-01-17_1706_health_insurance_coverage_question_reply_001.eml,,,
HR-202501-4307,2025-02-05 13:22:00,2025-02-07 17:22:00,Resolved,Low,E0100,Data Science,E0033,Benefits,Wellbeing,Benefits – Wellbeing assistance,User E0100 requests help regarding Benefits/Wellbeing.,compensation_benefits_policy_en.docx,,,,
HR-202501-3061,2025-02-07 15:45:00,2025-02-16 22:45:00,Resolved,High,E0050,Finance,E0111,Payroll,Payslip,Payroll – Payslip assistance,User E0050 requests help regarding Payroll/Payslip.,compensation_benefits_policy_en.docx,,,,
HR-202501-4887,2025-02-01 16:16:00,,In Progress,Low,E0037,Finance,E0075,Benefits,Health,Benefits – Health assistance,User E0037 requests help regarding Benefits/Health.,compensation_benefits_policy_pl.docx,,,,
HR-202501-6448,2025-02-04 17:50:00,2025-02-14 12:50:00,Resolved,Low,E0066,Legal,E0029,Leave,Policy,Leave – Policy assistance,User E0066 requests help regarding Leave/Policy.,leave_policy_en.docx,,,,
HR-202501-2438,2025-02-03 13:55:00,2025-02-11 21:55:00,Resolved,Low,E0008,Marketing,E0051,Benefits,Wellbeing,Benefits – Wellbeing assistance,User E0008 requests help regarding Benefits/Wellbeing.,compensation_benefits_policy_pl.docx,,,,
HR-202501-6172,2025-02-05 11:59:00,2025-02-10 00:59:00,Closed,Low,E0038,Sales,E0018,Payroll,Tax Form,Payroll – Tax Form assistance,User E0038 requests help regarding Payroll/Tax Form.,compensation_benefits_policy_en.docx,,all-hands,2025-02-01.json,_evidence\hr_ticket_aug_9eaf8d86c8a44bf8a7716cd7fc9cd1d4.txt
HR-202501-8604,2025-01-24 12:28:00,2025-02-01 08:28:00,Resolved,Low,E0098,Finance,E0001,Policy,Code of Conduct,Policy – Code of Conduct assistance,User E0098 requests help regarding Policy/Code of Conduct.,code_of_conduct_pl_hardpush.docx,,people-ops,2025-01-22.json,
HR-202501-3209,2025-01-15 11:01:00,,In Progress,Low,E0101,IT,E0018,Payroll,Payslip,Payroll – Payslip assistance,User E0101 requests help regarding Payroll/Payslip.,compensation_benefits_policy_pl.docx,,,,
HR-202501-3102,2025-02-02 12:34:00,,In Progress,Low,E0035,Finance,E0018,Benefits,Wellbeing,Benefits – Wellbeing assistance,User E0035 requests help regarding Benefits/Wellbeing.,compensation_benefits_policy_pl.docx,,,,
HR-202501-9539,2025-01-19 17:58:00,2025-01-28 02:58:00,Resolved,Medium,E0105,IT,E0097,Benefits,Health,Benefits – Health assistance,User E0105 requests help regarding Benefits/Health.,compensation_benefits_policy_en.docx,,,,
HR-202501-2083,2025-01-17 15:00:00,2025-01-18 12:00:00,Closed,Medium,E0097,HR,E0015,Leave,Balance,Leave – Balance assistance,User E0097 requests help regarding Leave/Balance.,leave_policy_pl.docx,,,,
HR-202501-1849,2025-01-24 09:06:00,,In Progress,Low,E0010,Data Science,E0018,Other,Question,Other – Question assistance,User E0010 requests help regarding Other/Question.,,,people-ops,2025-01-26.json,
HR-202501-7561,2025-02-04 13:15:00,2025-02-07 22:15:00,Resolved,Low,E0055,Finance,E0015,Policy,Code of Conduct,Policy – Code of Conduct assistance,User E0055 requests help regarding Policy/Code of Conduct.,code_of_conduct_en.docx,2025-01-17_0104_expense_policy_question_reply_001.eml,,,
HR-202501-1804,2025-02-05 11:17:00,,In Progress,Low,E0078,Finance,E0007,Benefits,Health,Benefits – Health assistance,User E0078 requests help regarding Benefits/Health.,compensation_benefits_policy_en.docx,,,,
HR-202501-2926,2025-01-15 09:34:00,2025-01-17 00:34:00,Closed,High,E0063,Data Science,E0086,Leave,Policy,Leave – Policy assistance,User E0063 requests help regarding Leave/Policy.,leave_policy_pl_v2.docx,,,,_evidence\hr_ticket_aug_e5568a32e9504c5f801f6c8866e72025.txt
HR-202501-8098,2025-01-20 15:11:00,2025-01-26 22:11:00,Closed,Medium,E0065,IT,E0097,Benefits,Health,Benefits – Health assistance,User E0065 requests help regarding Benefits/Health.,compensation_benefits_policy_pl.docx,,,,
HR-202501-3772,2025-02-04 10:35:00,2025-02-05 00:35:00,Resolved,Low,E0038,Sales,E0075,Leave,Balance,Leave – Balance assistance,User E0038 requests help regarding Leave/Balance.,leave_policy_pl_v2.docx,,,,
HR-202501-1827,2025-01-22 17:38:00,2025-01-29 08:38:00,Closed,Low,E0048,Data Science,E0018,Benefits,Health,Benefits – Health assistance,User E0048 requests help regarding Benefits/Health.,compensation_benefits_policy_pl.docx,,,,
HR-202501-9843,2025-02-05 17:02:00,2025-02-13 03:02:00,Closed,Medium,E0119,Legal,E0069,Training,Mandatory,Training – Mandatory assistance,User E0119 requests help regarding Training/Mandatory.,training_development_policy_pl_expanded.docx,,,,
HR-202501-7802,2025-02-03 11:40:00,,Resolved,Low,E0074,Marketing,E0069,Recruitment,Referral,Recruitment – Referral assistance,User E0074 requests help regarding Recruitment/Referral.,,,security,2025-01-21.json,
HR-202501-2208,2025-01-29 14:06:00,2025-02-02 02:06:00,Resolved,Urgent,E0069,HR,E0007,Payroll,Tax Form,Payroll – Tax Form assistance,User E0069 requests help regarding Payroll/Tax Form.,compensation_benefits_policy_en.docx,2025-01-16_0432_new_requisition_draft_for_approval_reply_001.eml,,,
HR-202501-9412,2025-02-03 15:43:00,2025-02-11 22:43:00,Closed,Medium,E0119,Legal,E0029,Payroll,Payslip,Payroll – Payslip assistance,User E0119 requests help regarding Payroll/Payslip.,compensation_benefits_policy_pl.docx,,,,
HR-202501-6073,2025-01-20 13:54:00,2025-01-28 17:54:00,Resolved,Medium,E0112,Finance,E0007,Payroll,Tax Form,Payroll – Tax Form assistance,User E0112 requests help regarding Payroll/Tax Form.,compensation_benefits_policy_en.docx,,,,
HR-202501-1911,2025-02-01 17:28:00,,Open,Medium,E0059,IT,E0030,Recruitment,Referral,Recruitment – Referral assistance,User E0059 requests help regarding Recruitment/Referral.,,,security,2025-01-24.json,
HR-202501-1153,2025-02-08 14:08:00,2025-02-12 02:08:00,Resolved,Medium,E0070,Operations,E0111,Benefits,Health,Benefits – Health assistance,User E0070 requests help regarding Benefits/Health.,compensation_benefits_policy_en.docx,2025-01-15_1511_health_insurance_coverage_question_001.eml,,,_evidence\hr_ticket_aug_24249af092b443b7bb9023f6e369c373.txt
HR-202501-8802,2025-02-09 12:25:00,2025-02-19 02:25:00,Resolved,High,E0072,IT,E0030,Benefits,Health,Benefits – Health assistance,User E0072 requests help regarding Benefits/Health.,compensation_benefits_policy_en.docx,,,,
HR-202501-9269,2025-01-15 15:00:00,2025-01-24 17:00:00,Closed,Low,E0095,IT,E0042,Payroll,Payslip,Payroll – Payslip assistance,User E0095 requests help regarding Payroll/Payslip.,compensation_benefits_policy_pl.docx,2025-01-15_1255_expense_policy_question_001.eml,people-ops,2025-01-28.json,
HR-202501-6051,2025-01-27 11:31:00,2025-02-04 20:31:00,Resolved,High,E0035,Finance,E0051,Recruitment,Referral,Recruitment – Referral assistance,User E0035 requests help regarding Recruitment/Referral.,,2025-01-16_0336_expense_policy_question_001.eml,people-ops,2025-01-26.json,
HR-202501-4824,2025-02-09 17:17:00,2025-02-17 21:17:00,Resolved,Low,E0029,HR,E0033,Leave,Policy,Leave – Policy assistance,User E0029 requests help regarding Leave/Policy.,leave_policy_en.docx,,,,_evidence\hr_ticket_aug_ac67e98706bb4afea8420c62beb204de.txt
HR-202501-6670,2025-01-24 17:04:00,,Resolved,Medium,E0014,IT,E0069,Benefits,Health,Benefits – Health assistance,User E0014 requests help regarding Benefits/Health.,compensation_benefits_policy_pl.docx,,,,
HR-202501-9367,2025-01-29 11:08:00,2025-02-07 23:08:00,Resolved,Low,E0081,Finance,E0086,Recruitment,Referral,Recruitment – Referral assistance,User E0081 requests help regarding Recruitment/Referral.,,2025-01-16_2327_expense_policy_question_reply_001.eml,,,
HR-202501-3241,2025-02-03 13:41:00,2025-02-12 12:41:00,Closed,High,E0102,Sales,E0097,Policy,GDPR,Policy – GDPR assistance,User E0102 requests help regarding Policy/GDPR.,code_of_conduct_pl_expanded.docx,,all-hands,2025-01-28.json,
HR-202501-2004,2025-01-17 16:11:00,2025-01-25 13:11:00,Resolved,Low,E0114,IT,E0024,Benefits,Health,Benefits – Health assistance,User E0114 requests help regarding Benefits/Health.,compensation_benefits_policy_en.docx,,,,
HR-202501-4800,2025-01-16 14:29:00,2025-01-21 15:29:00,Closed,Medium,E0048,Data Science,E0029,Policy,Code of Conduct,Policy – Code of Conduct assistance,User E0048 requests help regarding Policy/Code of Conduct.,code_of_conduct_en.docx,,,,
HR-202501-3022,2025-01-24 13:54:00,2025-01-28 02:54:00,Resolved,Low,E0038,Sales,E0111,Benefits,Wellbeing,Benefits – Wellbeing assistance,User E0038 requests help regarding Benefits/Wellbeing.,compensation_benefits_policy_pl.docx,2025-01-18_0416_expense_policy_question_001.eml,people-ops,2025-01-27.json,
HR-202501-3197,2025-01-27 15:31:00,2025-02-02 16:31:00,Resolved,Low,E0113,Sales,E0086,Other,Question,Other – Question assistance,User E0113 requests help regarding Other/Question.,,,,,
HR-202501-7992,2025-02-03 14:45:00,2025-02-04 11:45:00,Resolved,Low,E0058,Marketing,E0018,Leave,Policy,Leave – Policy assistance,User E0058 requests help regarding Leave/Policy.,leave_policy_pl_v2.docx,,,,
HR-202501-9659,2025-01-15 16:05:00,2025-01-19 12:05:00,Resolved,Low,E0090,IT,E0111,Benefits,Health,Benefits – Health assistance,User E0090 requests help regarding Benefits/Health.,compensation_benefits_policy_en.docx,,,,
HR-202501-2374,2025-01-31 14:00:00,2025-02-01 08:00:00,Closed,High,E0075,HR,E0076,Training,Mandatory,Training – Mandatory assistance,User E0075 requests help regarding Training/Mandatory.,training_development_policy_en.docx,,,,
HR-202501-2181,2025-01-22 15:40:00,,Closed,Medium,E0052,Marketing,E0051,Policy,Code of Conduct,Policy – Code of Conduct assistance,User E0052 requests help regarding Policy/Code of Conduct.,code_of_conduct_pl.docx,,,,
HR-202501-8472,2025-02-08 13:39:00,2025-02-10 12:39:00,Closed,Medium,E0039,Sales,E0111,Recruitment,Referral,Recruitment – Referral assistance,User E0039 requests help regarding Recruitment/Referral.,,,,,
HR-202501-3530,2025-01-19 09:29:00,,Open,High,E0072,IT,E0086,Training,Mandatory,Training – Mandatory assistance,User E0072 requests help regarding Training/Mandatory.,training_development_policy_pl.docx,,,,
HR-202501-3424,2025-02-06 10:46:00,2025-02-11 04:46:00,Closed,Medium,E0047,IT,E0069,Benefits,Wellbeing,Benefits – Wellbeing assistance,User E0047 requests help regarding Benefits/Wellbeing.,compensation_benefits_policy_en.docx,,,,
HR-202501-6971,2025-02-03 17:01:00,2025-02-07 12:01:00,Closed,Low,E0090,IT,E0024,Payroll,Tax Form,Payroll – Tax Form assistance,User E0090 requests help regarding Payroll/Tax Form.,compensation_benefits_policy_pl.docx,,hr-helpdesk,2025-01-22.json,
HR-202501-5949,2025-01-27 09:10:00,,In Progress,Medium,E0097,HR,,Benefits,Health,Benefits – Health assistance,User E0097 requests help regarding Benefits/Health.,compensation_benefits_policy_pl.docx,,,,
HR-202501-6539,2025-02-03 14:03:00,,Closed,Low,E0045,Marketing,E0024,Payroll,Payslip,Payroll – Payslip assistance,User E0045 requests help regarding Payroll/Payslip.,compensation_benefits_policy_en.docx,,,,
HR-202501-1294,2025-01-24 09:36:00,2025-01-28 07:36:00,Closed,Low,E0079,Operations,E0001,Other,Question,Other – Question assistance,User E0079 requests help regarding Other/Question.,,,,,
HR-202501-3958,2025-02-03 09:39:00,2025-02-12 22:39:00,Closed,Low,E0078,Finance,E0075,Benefits,Health,Benefits – Health assistance,User E0078 requests help regarding Benefits/Health.,compensation_benefits_policy_en.docx,,,,
HR-202501-5188,2025-02-09 09:12:00,2025-02-17 11:12:00,Resolved,Medium,E0011,Marketing,E0042,Recruitment,Referral,Recruitment – Referral assistance,User E0011 requests help regarding Recruitment/Referral.,,,,,_evidence\hr_ticket_aug_8032c054650b400194bfda253c629573.txt
HR-202501-2732,2025-01-17 12:01:00,2025-01-19 08:01:00,Resolved,Medium,E0042,HR,E0024,Policy,Code of Conduct,Policy – Code of Conduct assistance,User E0042 requests help regarding Policy/Code of Conduct.,code_of_conduct_pl_hardpush.docx,,,,
HR-202501-6570,2025-01-18 13:29:00,2025-01-20 11:29:00,Resolved,Low,E0094,Legal,E0018,Policy,GDPR,Policy – GDPR assistance,User E0094 requests help regarding Policy/GDPR.,code_of_conduct_pl_expanded.docx,,,,
HR-202501-3422,2025-01-19 09:07:00,2025-01-27 19:07:00,Resolved,Urgent,E0024,HR,E0069,Benefits,Health,Benefits – Health assistance,User E0024 requests help regarding Benefits/Health.,compensation_benefits_policy_en.docx,,security,2025-01-26.json,
HR-202501-9411,2025-01-30 16:22:00,,Closed,Low,E0070,Operations,E0111,Leave,Balance,Leave – Balance assistance,User E0070 requests help regarding Leave/Balance.,leave_policy_en.docx,2025-01-18_0416_expense_policy_question_001.eml,,,
HR-202501-7407,2025-02-03 12:43:00,2025-02-03 17:43:00,Resolved,Urgent,E0104,Data Science,E0001,Other,Question,Other – Question assistance,User E0104 requests help regarding Other/Question.,,,,,
HR-202501-2335,2025-02-09 09:00:00,2025-02-12 06:00:00,Resolved,Low,E0027,Marketing,E0033,Benefits,Wellbeing,Benefits – Wellbeing assistance,User E0027 requests help regarding Benefits/Wellbeing.,compensation_benefits_policy_pl.docx,,,,
HR-202501-8238,2025-01-22 12:27:00,,In Progress,Low,E0014,IT,E0030,Leave,Balance,Leave – Balance assistance,User E0014 requests help regarding Leave/Balance.,leave_policy_pl_v2.docx,,,,
HR-202501-4600,2025-02-04 15:28:00,2025-02-09 23:28:00,Resolved,Urgent,E0022,Marketing,E0001,Leave,Balance,Leave – Balance assistance,User E0022 requests help regarding Leave/Balance.,leave_policy_en.docx,,security,2025-01-20.json,_evidence\hr_ticket_aug_f869fca454ee4e6eb3ffeb25ac10097c.txt
HR-202501-2128,2025-02-08 09:27:00,2025-02-12 22:27:00,Closed,Low,E0016,Legal,E0069,Benefits,Wellbeing,Benefits – Wellbeing assistance,User E0016 requests help regarding Benefits/Wellbeing.,compensation_benefits_policy_pl.docx,,,,
HR-202501-9758,2025-01-26 16:26:00,2025-02-03 03:26:00,Closed,Medium,E0113,Sales,E0097,Benefits,Health,Benefits – Health assistance,User E0113 requests help regarding Benefits/Health.,compensation_benefits_policy_en.docx,2025-01-17_2303_new_requisition_draft_for_approval_001.eml,,,
HR-202501-8988,2025-01-19 16:53:00,,Open,Medium,E0063,Data Science,E0029,Payroll,Tax Form,Payroll – Tax Form assistance,User E0063 requests help regarding Payroll/Tax Form.,compensation_benefits_policy_en.docx,2025-01-16_2327_expense_policy_question_001.eml,,,
HR-202501-7194,2025-01-17 09:43:00,2025-01-26 09:43:00,Resolved,Medium,E0002,Finance,E0051,Training,Mandatory,Training – Mandatory assistance,User E0002 requests help regarding Training/Mandatory.,training_development_policy_pl_expanded.docx,,,,_evidence\hr_ticket_aug_933e5c934c2b4b74aa9f696f462067c5.txt
HR-202501-2913,2025-01-29 11:45:00,,Resolved,Medium,E0116,Marketing,E0097,Benefits,Wellbeing,Benefits – Wellbeing assistance,User E0116 requests help regarding Benefits/Wellbeing.,compensation_benefits_policy_pl.docx,,,,
HR-202501-5431,2025-01-18 12:56:00,,Waiting for Employee,Low,E0117,Operations,E0018,Benefits,Health,Benefits – Health assistance,User E0117 requests help regarding Benefits/Health.,compensation_benefits_policy_en.docx,,people-ops,2025-01-30.json,
HR-202501-5547,2025-01-25 11:37:00,2025-01-28 08:37:00,Resolved,Medium,E0004,IT,E0075,Payroll,Tax Form,Payroll – Tax Form assistance,User E0004 requests help regarding Payroll/Tax Form.,compensation_benefits_policy_en.docx,2025-01-16_1559_new_requisition_draft_for_approval_001.eml,,,
HR-202501-9042,2025-01-20 15:09:00,,Open,Medium,E0106,Legal,E0029,Benefits,Wellbeing,Benefits – Wellbeing assitance,User E0106 requests help regarding Benefits/Wellbeing.,compensation_benefits_policy_pl.docx,,,,
HR-202501-4825,2025-01-24 12:16:00,2025-02-03 03:16:00,Resolved,Medium,E0093,Legal,E0051,Policy,GDPR,Policy – GDPR assistance,User E0093 requests help regarding Policy/GDPR.,code_of_conduct_en.docx,,travel,2025-01-26.json,
HR-202501-4070,2025-01-28 17:50:00,,Closed,Medium,E0051,HR,E0086,Policy,Code of Conduct,Policy – Code of Conduct assistance,User E0051 requests help regarding Policy/Code of Conduct.,code_of_conduct_en.docx,,,,
HR-202501-4031,2025-01-24 14:23:00,2025-01-28 09:23:00,Closed,Urgent,E0049,Legal,E0042,Benefits,Wellbeing,Benefits – Wellbeing assistance,User E0049 requests help regarding Benefits/Wellbeing.,compensation_benefits_policy_en.docx,2025-01-16_1729_flexible_work_arrangement_request_001.eml,,,
HR-202501-3565,2025-02-05 13:10:00,,In Progress,Medium,E0100,Data Science,E0042,Policy,GDPR,Policy – GDPR assistance,User E0100 requests help regarding Policy/GDPR.,code_of_conduct_pl_expanded.docx,,,,
HR-202501-8770,2025-01-31 11:14:00,2025-02-10 06:14:00,Closed,Medium,E0074,Marketing,E0111,Training,Mandatory,Training – Mandatory assistance,User E0074 requests help regarding Training/Mandatory.,training_development_policy_pl.docx,,,,
HR-202501-7644,2025-01-26 17:48:00,2025-01-30 05:48:00,Closed,Low,E0048,Data Science,E0051,Leave,Policy,Leave – Policy assistance,User E0048 requests help regarding Leave/Policy.,leave_policy_pl.docx,,,,
HR-202501-3037,2025-01-30 14:12:00,,In Progress,Low,E0095,IT,E0111,Policy,Code of Conduct,Policy – Code of Conduct assistance,User E0095 requests help regarding Policy/Code of Conduct.,code_of_conduct_pl.docx,,,,
HR-202501-5136,2025-02-03 16:00:00,2025-02-09 17:00:00,Resolved,Medium,E0008,Marketing,E0111,Payroll,Payslip,Payroll – Payslip assistance,User E0008 requests help regarding Payroll/Payslip.,compensation_benefits_policy_en.docx,,travel,2025-01-27.json,
HR-202501-3168,2025-02-09 09:11:00,,Waiting for Employee,Medium,E0033,HR,E0001,Other,Question,Other – Question assistance,User E0033 requests help regarding Other/Question.,,,people-ops,2025-01-23.json,
HR-202501-4183,2025-01-28 15:17:00,,In Progress,Low,E0079,Operations,E0007,Benefits,Wellbeing,Benefits – Wellbeing assistance,User E0079 requests help regarding Benefits/Wellbeing.,compensation_benefits_policy_en.docx,2025-01-17_1706_health_insurance_coverage_question_reply_001.eml,,,
HR-202501-5565,2025-01-22 14:58:00,2025-02-01 05:58:00,Resolved,Low,E0056,IT,E0001,Training,Mandatory,Training – Mandatory assistance,User E0056 requests help regarding Training/Mandatory.,training_development_policy_pl.docx,2025-xx_malformed_notice.eml,,,
HR-202501-9737,2025-02-02 15:03:00,,Resolved,Low,E0063,Data Science,E0024,Benefits,Health,Benefits – Health assistance,User E0063 requests help regarding Benefits/Health.,compensation_benefits_policy_en.docx,,people-ops,2025-01-26.json,
HR-202501-4185,2025-02-01 10:01:00,2025-02-10 02:01:00,Closed,Medium,E0019,Sales,E0033,Leave,Policy,Leave – Policy assistance,User E0019 requests help regarding Leave/Policy.,leave_policy_pl.docx,2025-01-16_1000_leave_balance_clarification_001.eml,,,
HR-202501-6814,2025-01-23 09:29:00,2025-01-24 10:29:00,Resolved,Low,E0080,Sales,E0007,Recruitment,Referral,Recruitment – Referral assistance,User E0080 requests help regarding Recruitment/Referral.,,,security,2025-01-27.json,
HR-202501-3948,2025-01-15 13:44:00,,Closed,Low,E0007,HR,E0076,Leave,Balance,Leave – Balance assistance,User E0007 requests help regarding Leave/Balance.,leave_policy_pl_v2.docx,,all-hands,2025-01-25.json,
HR-202501-6016,2025-01-25 14:26:00,2025-01-29 16:26:00,Resolved,Low,E0074,Marketing,E0015,Payroll,Payslip,Payroll – Payslip assistance,User E0074 requests help regarding Payroll/Payslip.,compensation_benefits_policy_en.docx,,,,
HR-202501-3023,2025-01-25 11:44:00,2025-01-31 23:44:00,Closed,Urgent,E0095,IT,E0033,Other,Question,Other – Question assistance,User E0095 requests help regarding Other/Question.,,,,,
HR-202501-9830,2025-01-27 13:52:00,2025-02-03 05:52:00,Closed,Low,E0073,Finance,E0001,Benefits,Wellbeing,Benefits – Wellbeing assistance,User E0073 requests help regarding Benefits/Wellbeing.,compensation_benefits_policy_en.docx,,,,
HR-202501-8053,2025-01-25 15:16:00,2025-01-26 16:16:00,Resolved,Medium,E0074,Marketing,E0007,Payroll,Tax Form,Payroll – Tax Form assistance,User E0074 requests help regarding Payroll/Tax Form.,compensation_benefits_policy_pl.docx,,,,
HR-202501-2143,2025-01-30 16:04:00,2025-02-01 02:04:00,Closed,Medium,E0078,Finance,E0015,Training,Mandatory,Training – Mandatory assistance,User E0078 requests help regarding Training/Mandatory.,training_development_policy_pl_expanded.docx,2025-01-16_1843_expense_policy_question_reply_001.eml,people-ops,2025-01-24.json,
HR-202501-9834,2025-01-25 09:54:00,2025-01-30 18:54:00,Resolved,Low,E0003,Data Science,E0024,Recruitment,Referral,Recruitment – Referral assistance,User E0003 requests help regarding Recruitment/Referral.,,2025-01-16_2327_expense_policy_question_001.eml,,,
HR-202501-8389,2025-01-24 14:50:00,,Resolved,Medium,E0056,IT,E0033,Other,Question,Other – Question assistance,User E0056 requests help regarding Other/Question.,,,travel,2025-01-31.json,
HR-202501-6644,2025-02-04 13:56:00,,Resolved,Low,E0076,HR,E0042,Payroll,Tax Form,Payroll – Tax Form assistance,User E0076 requests help regarding Payroll/Tax Form.,compensation_benefits_policy_pl.docx,2025-01-16_0000_leave_balance_clarification_001.eml,all-hands,2025-01-28.json,
HR-202501-4113,2025-01-22 11:34:00,2025-01-24 16:34:00,Closed,Low,E0111,HR,E0086,Other,Question,Other – Question assistance,User E0111 requests help regarding Other/Question.,,,security,2025-01-22.json,
HR-202501-1791,2025-01-25 10:05:00,,Waiting for Employee,Medium,E0020,Finance,E0024,Policy,GDPR,Policy – GDPR assistance,User E0020 requests help regarding Policy/GDPR.,code_of_conduct_pl.docx,2025-01-29_0700_training_overdue.eml,people-ops,2025-01-22.json,
HR-202501-5378,2025-01-27 14:49:00,2025-02-06 03:49:00,Resolved,Low,E0017,Sales,E0018,Benefits,Wellbeing,Benefits – Wellbeing assistance,User E0017 requests help regarding Benefits/Wellbeing.,compensation_benefits_policy_en.docx,2025-02-01_1000_offboarding_checklist.eml,,,
HR-202501-6549,2025-01-23 14:25:00,2025-01-31 07:25:00,Closed,Medium,E0081,Finance,E0051,Benefits,Health,Benefits – Health assistance,User E0081 requests help regarding Benefits/Health.,compensation_benefits_policy_en.docx,,,,
HR-202501-7820,2025-01-15 15:56:00,,Closed,Medium,E0011,Marketing,,Leave,Policy,Leave – Policy assistance,User E0011 requests help regarding Leave/Policy.,leave_policy_pl.docx,,,,
HR-202501-1305,2025-02-03 10:48:00,2025-02-11 22:48:00,Resolved,Medium,E0057,Sales,E0097,Payroll,Tax Form,Payroll – Tax Form assistance,User E0057 requests help regarding Payroll/Tax Form.,compensation_benefits_policy_pl.docx,,hr-helpdesk,2025-01-30.json,
HR-202501-5544,2025-02-05 14:47:00,2025-02-08 02:47:00,Resolved,Low,E0094,Legal,E0069,Benefits,Wellbeing,Benefits – Wellbeing assistance,User E0094 requests help regarding Benefits/Wellbeing.,compensation_benefits_policy_pl.docx,,,,
HR-202501-2065,2025-02-02 12:03:00,2025-02-04 06:03:00,Closed,Low,E0113,Sales,E0042,Leave,Policy,Leave – Policy assistance,User E0113 requests help regarding Leave/Policy.,leave_policy_pl_v2.docx,,,,
HR-202501-7541,2025-01-16 09:56:00,2025-01-25 08:56:00,Closed,Low,E0085,Data Science,E0111,Other,Question,Other – Question assistance,User E0085 requests help regarding Other/Question.,,,,,
HR-202501-8768,2025-01-29 14:24:00,2025-02-01 16:24:00,Closed,Low,E0068,Operations,E0069,Training,Mandatory,Training – Mandatory assistance,User E0068 requests help regarding Training/Mandatory.,training_development_policy_en.docx,2025-01-16_1000_leave_balance_clarification_001.eml,,,
HR-202501-8103,2025-01-20 15:28:00,2025-01-30 09:28:00,Resolved,Low,E0013,Data Science,E0086,Other,Question,Other – Question assistance,User E0013 requests help regarding Other/Question.,,2025-01-17_1943_policy_acknowledgment_reminder_001.eml,travel,2025-01-21.json,
HR-202501-1666,2025-01-31 17:18:00,,Resolved,Low,E0114,IT,E0030,Leave,Policy,Leave – Policy assistance,User E0114 requests help regarding Leave/Policy.,leave_policy_pl.docx,,,,
HR-202501-2341,2025-02-04 15:52:00,,Closed,High,E0049,Legal,E0076,Leave,Policy,Leave – Policy assistance,User E0049 requests help regarding Leave/Policy.,leave_policy_pl_v2.docx,,,,
HR-202501-3899,2025-01-29 16:32:00,2025-02-02 14:32:00,Closed,Medium,E0061,Finance,E0007,Recruitment,Referral,Recruitment – Referral assistance,User E0061 requests help regarding Recruitment/Referral.,,2025-01-17_0432_leave_balance_clarification_001.eml,,,
HR-202501-9278,2025-02-03 17:54:00,,In Progress,Low,E0116,Marketing,E0097,Benefits,Wellbeing,Benefits – Wellbeing assistance,User E0116 requests help regarding Benefits/Wellbeing.,compensation_benefits_policy_pl.docx,,,,
HR-202501-1891,2025-02-06 17:50:00,,Open,Medium,E0113,Sales,E0097,Other,Question,Other – Question assistance,User E0113 requests help regarding Other/Question.,,,,,
HR-202501-3823,2025-02-08 15:44:00,2025-02-12 04:44:00,Closed,Medium,E0033,HR,E0051,Payroll,Payslip,Payroll – Payslip assistance,User E0033 requests help regarding Payroll/Payslip.,compensation_benefits_policy_pl.docx,2025-01-16_0412_travel_booking_exception_request_001.eml,travel,2025-01-21.json,
HR-202501-2475,2025-01-24 14:02:00,2025-02-02 20:02:00,Closed,Low,E0041,Marketing,E0097,Recruitment,Referral,Recruitment – Referral assistance,User E0041 requests help regarding Recruitment/Referral.,,,,,
HR-202501-1769,2025-01-25 15:38:00,,Open,High,E0097,HR,E0029,Training,Mandatory,Training – Mandatory assistance,User E0097 requests help regarding Training/Mandatory.,training_development_policy_pl.docx,2025-01-17_0104_expense_policy_question_001.eml,,,
HR-202501-8883,2025-01-28 15:43:00,2025-02-07 07:43:00,Resolved,Low,E0042,HR,E0007,Training,Mandatory,Training – Mandatory assistance,User E0042 requests help regarding Training/Mandatory.,training_development_policy_pl_expanded.docx,,,,
HR-202501-6801,2025-02-08 14:06:00,2025-02-16 00:06:00,Closed,Low,E0081,Finance,E0097,Training,Mandatory,Training – Mandatory assistance,User E0081 requests help regarding Training/Mandatory.,training_development_policy_pl.docx,,,,
HR-202501-7208,2025-02-03 10:05:00,2025-02-10 15:05:00,Resolved,Medium,E0033,HR,E0086,Leave,Balance,Leave – Balance assistance,User E0033 requests help regarding Leave/Balance.,leave_policy_pl.docx,2025-01-17_0104_expense_policy_question_001.eml,,,
HR-202501-2601,2025-01-15 16:06:00,2025-01-15 19:06:00,Resolved,High,E0010,Data Science,E0097,Other,Question,Other – Question assistance,User E0010 requests help regarding Other/Question.,,2025-01-16_1138_health_insurance_coverage_question_001.eml,hr-helpdesk,2025-01-25.json,_evidence\hr_ticket_aug_b1885fc7f5b54617a63a2fb3280dc57a.txt
HR-202501-3278,2025-01-30 10:19:00,2025-02-02 06:19:00,Closed,Medium,E0035,Finance,E0029,Other,Question,Other – Question assistance,User E0035 requests help regarding Other/Question.,,,,,
HR-202501-9623,2025-01-30 16:12:00,2025-02-02 21:12:00,Resolved,High,E0051,HR,E0069,Payroll,Payslip,Payroll – Payslip assistance,User E0051 requests help regarding Payroll/Payslip.,compensation_benefits_policy_en.docx,,,,
HR-202501-3863,2025-01-19 12:50:00,2025-01-22 05:50:00,Resolved,Medium,E0051,HR,E0051,Benefits,Wellbeing,Benefits – Wellbeing assistance,User E0051 requests help regarding Benefits/Wellbeing.,compensation_benefits_policy_pl.docx,,,,
HR-202501-1259,2025-02-07 10:53:00,,Resolved,Low,E0088,Marketing,E0086,Recruitment,Referral,Recruitment – Referral assistance,User E0088 requests help regarding Recruitment/Referral.,,,travel,2025-01-30.json,_evidence\hr_ticket_aug_21dfc88d2cba471d9674e1bf889faeda.txt
HR-202501-9327,2025-02-08 15:24:00,2025-02-16 22:24:00,Resolved,Medium,E0066,Legal,E0001,Payroll,Payslip,Payroll – Payslip assistance,User E0066 requests help regarding Payroll/Payslip.,compensation_benefits_policy_pl.docx,,,,
HR-202501-1323,2025-01-25 16:08:00,2025-02-01 05:08:00,Closed,Low,E0005,Marketing,E0001,Benefits,Health,Benefits – Health assistance,User E0005 requests help regarding Benefits/Health.,compensation_benefits_policy_pl.docx,,security,2025-01-20.json,
HR-202501-7519,2025-01-15 16:46:00,2025-01-23 08:46:00,Closed,Medium,E0058,Marketing,E0007,Policy,Code of Conduct,Policy – Code of Conduct assistance,User E0058 requests help regarding Policy/Code of Conduct.,code_of_conduct_pl_expanded.docx,2025-01-15_0932_leave_request.eml,,,
HR-202501-3882,2025-01-17 10:13:00,2025-01-26 11:13:00,Resolved,Medium,E0085,Data Science,E0007,Training,Mandatory,Training – Mandatory assistance,User E0085 requests help regarding Training/Mandatory.,training_development_policy_pl_expanded.docx,,people-ops,2025-01-30.json,
HR-202501-6726,2025-02-04 16:48:00,,In Progress,Medium,E0032,Data Science,E0007,Policy,Code of Conduct,Policy – Code of Conduct assistance,User E0032 requests help regarding Policy/Code of Conduct.,code_of_conduct_pl_expanded.docx,,,,
HR-202501-2641,2025-01-22 12:39:00,2025-01-28 07:39:00,Resolved,Medium,E0094,Legal,E0042,Payroll,Payslip,Payroll – Payslip assistance,User E0094 requests help regarding Payroll/Payslip.,compensation_benefits_policy_en.docx,,,,
HR-202501-4544,2025-02-09 13:01:00,2025-02-17 06:01:00,Closed,Low,E0026,Operations,E0029,Policy,GDPR,Policy – GDPR assistance,User E0026 requests help regarding Policy/GDPR.,code_of_conduct_pl.docx,2025-01-15_1156_travel_booking_exception_request_reply_001.eml,,,
HR-202501-1901,2025-02-09 17:42:00,2025-02-10 20:42:00,Closed,Medium,E0042,HR,E0001,Leave,Policy,Leave – Policy assistance,User E0042 requests help regarding Leave/Policy.,leave_policy_pl_v2.docx,,,,
HR-202501-2240,2025-02-07 17:47:00,2025-02-12 05:47:00,Closed,Medium,E0003,Data Science,E0075,Recruitment,Referral,Recruitment – Referral assistance,User E0003 requests help regarding Recruitment/Referral.,,,hr-helpdesk,2025-01-22.json,
HR-202501-9345,2025-01-15 16:26:00,,Open,Low,E0109,Legal,,Policy,Code of Conduct,Policy – Code of Conduct assistance,User E0109 requests help regarding Policy/Code of Conduct.,code_of_conduct_en.docx,,,,
HR-202501-7688,2025-02-08 12:30:00,,Closed,Medium,E0021,Operations,E0001,Benefits,Health,Benefits – Health assistance,User E0021 requests help regarding Benefits/Health.,compensation_benefits_policy_pl.docx,,,,
HR-202501-1209,2025-02-04 17:30:00,2025-02-13 18:30:00,Closed,Low,E0025,Legal,E0042,Benefits,Health,Benefits – Health assistance,User E0025 requests help regarding Benefits/Health.,compensation_benefits_policy_en.docx,,,,
HR-202501-7334,2025-02-03 09:49:00,2025-02-12 21:49:00,Resolved,Low,E0084,Legal,E0097,Training,Mandatory,Training – Mandatory assistance,User E0084 requests help regarding Training/Mandatory.,training_development_policy_en.docx,,,,
HR-202501-8254,2025-02-01 15:19:00,2025-02-01 20:19:00,Resolved,High,E0016,Legal,E0069,Training,Mandatory,Training – Mandatory assistance,User E0016 requests help regarding Training/Mandatory.,training_development_policy_pl_expanded.docx,2025-01-30_0900_code_of_conduct_update.eml,,,
HR-202501-4745,2025-02-01 13:51:00,2025-02-04 04:51:00,Resolved,Low,E0066,Legal,,Training,Mandatory,Training – Mandatory assistance,User E0066 requests help regarding Training/Mandatory.,training_development_policy_en.docx,,all-hands,2025-01-20.json,
HR-202501-1406,2025-01-19 13:00:00,,Resolved,High,E0083,Legal,E0015,Recruitment,Referral,Recruitment – Referral assistance,User E0083 requests help regarding Recruitment/Referral.,,,,,
HR-202501-6277,2025-02-08 13:34:00,2025-02-11 06:34:00,Resolved,Medium,E0118,Operations,E0024,Policy,Code of Conduct,Policy – Code of Conduct assistance,User E0118 requests help regarding Policy/Code of Conduct.,code_of_conduct_pl_expanded.docx,,,,
HR-202501-2143,2025-01-29 14:13:00,2025-02-03 19:13:00,Closed,Low,E0018,HR,E0097,Benefits,Wellbeing,Benefits – Wellbeing assistance,User E0018 requests help regarding Benefits/Wellbeing.,compensation_benefits_policy_pl.docx,2025-01-16_0636_leave_balance_clarification_001.eml,,,
HR-202501-8781,2025-02-04 15:24:00,2025-02-13 17:24:00,Resolved,Medium,E0090,IT,E0001,Other,Question,Other – Question assistance,User E0090 requests help regarding Other/Question.,,2025-01-16_0412_travel_booking_exception_request_001.eml,,,
HR-202501-4929,2025-02-02 11:46:00,,In Progress,Low,E0057,Sales,E0007,Policy,GDPR,Policy – GDPR assistance,User E0057 requests help regarding Policy/GDPR.,code_of_conduct_pl_expanded.docx,,hr-helpdesk,2025-01-30.json,
HR-202501-1290,2025-01-27 12:33:00,,Resolved,Low,E0094,Legal,E0076,Payroll,Tax Form,Payroll – Tax Form assistance,User E0094 requests help regarding Payroll/Tax Form.,compensation_benefits_policy_pl.docx,,hr-helpdesk,2025-01-22.json,
HR-202501-4856,2025-01-26 13:39:00,,Resolved,Low,E0044,IT,E0030,Benefits,Wellbeing,Benefits – Wellbeing assistance,User E0044 requests help regarding Benefits/Wellbeing.,compensation_benefits_policy_en.docx,,,,
HR-202501-7074,2025-01-22 09:27:00,,Open,Medium,E0099,Legal,E0018,Recruitment,Referral,Recruitment – Referral assistance,User E0099 requests help regarding Recruitment/Referral.,,,,,_evidence\hr_ticket_aug_c670dffcef5b4979bfc997266a0a33b3.txt
HR-202501-1884,2025-02-08 09:13:00,2025-02-17 15:13:00,Resolved,Low,E0089,Sales,E0001,Training,Mandatory,Training – Mandatory assistance,User E0089 requests help regarding Training/Mandatory.,training_development_policy_en.docx,2025-01-15_1805_travel_booking_exception_request_MALFORMED_001.eml,,,
HR-202501-8278,2025-01-22 10:23:00,,Closed,Medium,E0017,Sales,,Payroll,Payslip,Payroll – Payslip assistance,User E0017 requests help regarding Payroll/Payslip.,compensation_benefits_policy_pl.docx,,,,
HR-202501-9207,2025-01-15 15:07:00,2025-01-20 12:07:00,Closed,High,E0109,Legal,E0075,Benefits,Wellbeing,Benefits – Wellbeing assistance,User E0109 requests help regarding Benefits/Wellbeing.,compensation_benefits_policy_pl.docx,,,,
HR-202501-4557,2025-02-09 10:25:00,2025-02-18 09:25:00,Resolved,Low,E0044,IT,E0097,Other,Question,Other – Question assistance,User E0044 requests help regarding Other/Question.,,,,,
HR-202501-2000,2025-01-18 11:07:00,2025-01-19 02:07:00,Closed,Medium,E0030,HR,E0033,Benefits,Health,Benefits – Health assistance,User E0030 requests help regarding Benefits/Health.,compensation_benefits_policy_en.docx,,,,
HR-202501-3449,2025-01-25 17:57:00,,Waiting for Employee,High,E0112,Finance,E0086,Training,Mandatory,Training – Mandatory assistance,User E0112 requests help regarding Training/Mandatory.,training_development_policy_pl.docx,2025-01-26_0910_dsar_request.eml,,,
HR-202501-2363,2025-02-02 14:04:00,2025-02-03 18:04:00,Resolved,Medium,E0013,Data Science,E0033,Policy,GDPR,Policy – GDPR assitance,User E0013 requests help regarding Policy/GDPR.,code_of_conduct_pl.docx,,,,_evidence\hr_ticket_aug_8c805da92c11418ebab239952e06b889.txt
HR-202501-3831,2025-02-05 11:52:00,2025-02-11 07:52:00,Closed,Low,E0091,Sales,E0075,Benefits,Health,Benefits – Health assistance,User E0091 requests help regarding Benefits/Health.,compensation_benefits_policy_en.docx,,hr-helpdesk,2025-01-21.json,_evidence\hr_ticket_aug_383bad2435324f81b20975fca83e13fa.txt
HR-202501-3253,2025-02-07 15:48:00,2025-02-15 08:48:00,Resolved,Medium,E0070,Operations,E0030,Other,Question,Other – Question assistance,User E0070 requests help regarding Other/Question.,,,,,
HR-202501-4357,2025-01-26 14:59:00,2025-01-28 17:59:00,Resolved,Low,E0028,Legal,E0069,Training,Mandatory,Training – Mandatory assistance,User E0028 requests help regarding Training/Mandatory.,training_development_policy_en.docx,,,,
HR-202501-6793,2025-01-25 09:58:00,2025-01-26 03:58:00,Closed,Low,E0031,Sales,E0015,Payroll,Payslip,Payroll – Payslip assistance,User E0031 requests help regarding Payroll/Payslip.,compensation_benefits_policy_en.docx,,,,
HR-202501-8308,2025-02-06 17:34:00,2025-02-15 18:34:00,Resolved,Medium,E0097,HR,,Leave,Policy,Leave – Policy assitance,User E0097 requests help regarding Leave/Policy.,leave_policy_pl.docx,,,,
HR-202501-1027,2025-01-27 09:35:00,2025-01-31 07:35:00,Resolved,High,E0089,Sales,E0033,Benefits,Wellbeing,Benefits – Wellbeing assistance,User E0089 requests help regarding Benefits/Wellbeing.,compensation_benefits_policy_pl.docx,2025-01-15_0941_leave_approval_reply.eml,people-ops,2025-01-24.json,
HR-202501-9713,2025-01-21 16:42:00,2025-01-28 10:42:00,Closed,Medium,E0076,HR,E0024,Policy,Code of Conduct,Policy – Code of Conduct assistance,User E0076 requests help regarding Policy/Code of Conduct.,code_of_conduct_pl_hardpush.docx,,travel,2025-01-25.json,
HR-202501-6573,2025-02-01 12:44:00,2025-02-08 01:44:00,Resolved,Urgent,E0043,Sales,,Benefits,Wellbeing,Benefits – Wellbeing assistance,User E0043 requests help regarding Benefits/Wellbeing.,compensation_benefits_policy_pl.docx,,,,
HR-202501-6827,2025-02-06 13:40:00,2025-02-14 23:40:00,Resolved,High,E0109,Legal,E0018,Benefits,Health,Benefits – Health assistance,User E0109 requests help regarding Benefits/Health.,compensation_benefits_policy_en.docx,,,,
HR-202501-1230,2025-01-27 09:16:00,2025-02-05 18:16:00,Closed,Low,E0023,Data Science,E0033,Leave,Policy,Leave – Policy assistance,User E0023 requests help regarding Leave/Policy.,leave_policy_pl_v2.docx,2025-01-16_1000_leave_balance_clarification_001.eml,,,
HR-202501-3322,2025-01-25 13:35:00,2025-01-30 02:35:00,Resolved,Medium,E0031,Sales,E0051,Training,Mandatory,Training – Mandatory assitance,User E0031 requests help regarding Training/Mandatory.,training_development_policy_pl.docx,,,,
HR-202501-5703,2025-01-28 17:24:00,2025-02-05 19:24:00,Closed,Medium,E0002,Finance,E0024,Training,Mandatory,Training – Mandatory assistance,User E0002 requests help regarding Training/Mandatory.,training_development_policy_en.docx,,hr-helpdesk,2025-01-27.json,
HR-202501-6708,2025-01-19 14:09:00,,Closed,Low,E0008,Marketing,E0029,Leave,Policy,Leave – Policy assistance,User E0008 requests help regarding Leave/Policy.,leave_policy_en.docx,,,,
HR-202501-4562,2025-01-28 14:41:00,2025-02-06 07:41:00,Closed,Medium,E0047,IT,E0015,Payroll,Payslip,Payroll – Payslip assistance,User E0047 requests help regarding Payroll/Payslip.,compensation_benefits_policy_en.docx,,,,
HR-202501-7107,2025-02-05 11:49:00,,Closed,Low,E0011,Marketing,E0075,Benefits,Wellbeing,Benefits – Wellbeing assistance,User E0011 requests help regarding Benefits/Wellbeing.,compensation_benefits_policy_en.docx,,,,
HR-202501-4977,2025-01-29 13:22:00,2025-02-05 19:22:00,Resolved,Medium,E0034,Finance,E0051,Training,Mandatory,Training – Mandatory assistance,User E0034 requests help regarding Training/Mandatory.,training_development_policy_en.docx,,travel,2025-01-31.json,
HR-202501-9332,2025-02-02 13:46:00,2025-02-10 15:46:00,Closed,High,E0043,Sales,E0007,Training,Mandatory,Training – Mandatory assistance,User E0043 requests help regarding Training/Mandatory.,training_development_policy_pl_expanded.docx,,,,_evidence\hr_ticket_aug_ca50e82d727f4acab39b55e886d8f29a.txt
HR-202501-2336,2025-01-17 09:47:00,2025-01-25 16:47:00,Resolved,High,E0003,Data Science,E0001,Payroll,Tax Form,Payroll – Tax Form assistance,User E0003 requests help regarding Payroll/Tax Form.,compensation_benefits_policy_en.docx,,,,_evidence\hr_ticket_aug_a5c6ce650321440696f6af810609fe7f.txt
HR-202501-4652,2025-01-26 11:29:00,2025-02-01 23:29:00,Closed,Medium,E0052,Marketing,E0024,Leave,Balance,Leave – Balance assistance,User E0052 requests help regarding Leave/Balance.,leave_policy_pl_v2.docx,2025-01-18_0043_training_certificate_upload_issue_001.eml,,,
HR-202501-8546,2025-02-02 11:23:00,2025-02-11 00:23:00,Resolved,Medium,E0097,HR,E0030,Policy,Code of Conduct,Policy – Code of Conduct assistance,User E0097 requests help regarding Policy/Code of Conduct.,code_of_conduct_pl_expanded.docx,,,,
HR-202501-7095,2025-02-08 15:22:00,2025-02-09 04:22:00,Closed,Medium,E0042,HR,E0030,Policy,GDPR,Policy – GDPR assistance,User E0042 requests help regarding Policy/GDPR.,code_of_conduct_pl_hardpush.docx,2025-01-16_2115_health_insurance_coverage_question_001.eml,hr-helpdesk,2025-01-30.json,
HR-202501-2898,2025-02-08 12:46:00,2025-02-12 20:46:00,Resolved,Low,E0103,Legal,E0051,Payroll,Payslip,Payroll – Payslip assistance,User E0103 requests help regarding Payroll/Payslip.,compensation_benefits_policy_en.docx,,,,_evidence\hr_ticket_aug_5d96136eba554b5cb5f092e2a50ee82b.txt
HR-202501-1771,2025-01-26 09:02:00,2025-01-31 06:02:00,Closed,Medium,E0058,Marketing,E0018,Payroll,Payslip,Payroll – Payslip assistance,User E0058 requests help regarding Payroll/Payslip.,compensation_benefits_policy_pl.docx,,travel,2025-01-31.json,
HR-202501-2081,2025-01-17 13:40:00,,In Progress,Medium,E0039,Sales,E0086,Recruitment,Referral,Recruitment – Referral assistance,User E0039 requests help regarding Recruitment/Referral.,,,,,
HR-202501-6037,2025-02-05 17:24:00,2025-02-06 20:24:00,Closed,High,E0085,Data Science,,Payroll,Payslip,Payroll – Payslip assitance,User E0085 requests help regarding Payroll/Payslip.,compensation_benefits_policy_en.docx,2025-01-29_0700_training_overdue.eml,travel,2025-01-31.json,
HR-202501-2113,2025-01-15 15:39:00,2025-01-17 22:39:00,Resolved,Medium,E0015,HR,,Benefits,Health,Benefits – Health assistance,User E0015 requests help regarding Benefits/Health.,compensation_benefits_policy_en.docx,,,,
HR-202501-4182,2025-01-18 12:15:00,,In Progress,Urgent,E0052,Marketing,E0024,Payroll,Tax Form,Payroll – Tax Form assistance,User E0052 requests help regarding Payroll/Tax Form.,compensation_benefits_policy_pl.docx,,,,
HR-202501-5543,2025-02-03 17:47:00,2025-02-11 15:47:00,Closed,Medium,E0082,Marketing,E0086,Payroll,Tax Form,Payroll – Tax Form assistance,User E0082 requests help regarding Payroll/Tax Form.,compensation_benefits_policy_pl.docx,,,,
HR-202501-3480,2025-01-16 13:49:00,2025-01-21 14:49:00,Closed,Medium,E0068,Operations,E0015,Leave,Balance,Leave – Balance assistance,User E0068 requests help regarding Leave/Balance.,leave_policy_pl_v2.docx,2025-01-15_1511_health_insurance_coverage_question_reply_001.eml,,,
HR-202501-1835,2025-01-29 16:52:00,,Open,Low,E0082,Marketing,E0051,Policy,GDPR,Policy – GDPR assistance,User E0082 requests help regarding Policy/GDPR.,code_of_conduct_pl_hardpush.docx,,,,
HR-202501-6288,2025-01-30 16:49:00,,In Progress,Medium,E0114,IT,,Payroll,Tax Form,Payroll – Tax Form assistance,User E0114 requests help regarding Payroll/Tax Form.,compensation_benefits_policy_en.docx,2025-01-17_0655_new_requisition_draft_for_approval_reply_001.eml,,,
HR-202501-4726,2025-01-31 13:17:00,2025-02-07 00:17:00,Resolved,Low,E0081,Finance,E0086,Training,Mandatory,Training – Mandatory assistance,User E0081 requests help regarding Training/Mandatory.,training_development_policy_en.docx,,,,
HR-202501-9427,2025-01-17 09:39:00,2025-01-24 23:39:00,Closed,Low,E0071,Sales,E0007,Training,Mandatory,Training – Mandatory assistance,User E0071 requests help regarding Training/Mandatory.,training_development_policy_pl.docx,,hr-helpdesk,2025-01-30.json,
HR-202501-1056,2025-02-02 09:43:00,2025-02-06 08:43:00,Closed,Low,E0073,Finance,E0075,Leave,Policy,Leave – Policy assistance,User E0073 requests help regarding Leave/Policy.,leave_policy_en.docx,,,,_evidence\hr_ticket_aug_4e659c0f9f4840ee82f9fc2b26fc4673.txt
HR-202501-3122,2025-01-15 12:07:00,,In Progress,Medium,E0099,Legal,E0015,Payroll,Payslip,Payroll – Payslip assistance,User E0099 requests help regarding Payroll/Payslip.,compensation_benefits_policy_pl.docx,2025-01-16_2327_expense_policy_question_reply_001.eml,people-ops,2025-01-23.json,
HR-202501-8546,2025-01-19 16:48:00,,In Progress,Medium,E0020,Finance,E0029,Training,Mandatory,Training – Mandatory assistance,User E0020 requests help regarding Training/Mandatory.,training_development_policy_pl_expanded.docx,,,,
HR-202501-2184,2025-02-03 15:20:00,,Resolved,Low,E0095,IT,E0051,Benefits,Health,Benefits – Health assistance,User E0095 requests help regarding Benefits/Health.,compensation_benefits_policy_pl.docx,,,,
HR-202501-9807,2025-01-26 11:27:00,2025-01-29 20:27:00,Resolved,Low,E0052,Marketing,E0076,Leave,Policy,Leave – Policy assistance,User E0052 requests help regarding Leave/Policy.,leave_policy_pl_v2.docx,,,,
HR-202501-5150,2025-02-05 11:31:00,,In Progress,Low,E0078,Finance,E0097,Training,Mandatory,Training – Mandatory assistance,User E0078 requests help regarding Training/Mandatory.,training_development_policy_en.docx,2025-01-18_0135_policy_acknowledgment_reminder_001.eml,,,
HR-202501-5162,2025-01-15 13:27:00,,Waiting for Employee,High,E0103,Legal,E0051,Leave,Policy,Leave – Policy assistance,User E0103 requests help regarding Leave/Policy.,leave_policy_pl_v2.docx,,,,
HR-202501-4259,2025-01-27 16:53:00,2025-02-06 02:53:00,Closed,High,E0037,Finance,E0024,Benefits,Wellbeing,Benefits – Wellbeing assistance,User E0037 requests help regarding Benefits/Wellbeing.,compensation_benefits_policy_pl.docx,,,,
HR-202501-7152,2025-01-20 10:06:00,2025-01-22 22:06:00,Resolved,Low,E0034,Finance,E0029,Policy,Code of Conduct,Policy – Code of Conduct assistance,User E0034 requests help regarding Policy/Code of Conduct.,code_of_conduct_pl.docx,2025-01-16_1559_new_requisition_draft_for_approval_reply_001.eml,,,
HR-202501-3097,2025-01-29 15:12:00,2025-02-05 22:12:00,Closed,Medium,E0017,Sales,E0086,Policy,GDPR,Policy – GDPR assistance,User E0017 requests help regarding Policy/GDPR.,code_of_conduct_pl.docx,,security,2025-01-24.json,
HR-202501-7046,2025-02-03 15:32:00,2025-02-12 18:32:00,Resolved,High,E0048,Data Science,E0097,Leave,Policy,Leave – Policy assistance,User E0048 requests help regarding Leave/Policy.,leave_policy_en.docx,,security,2025-01-29.json,
HR-202501-4441,2025-02-05 12:23:00,,Waiting for Employee,Low,E0006,Finance,E0076,Payroll,Payslip,Payroll – Payslip assistance,User E0006 requests help regarding Payroll/Payslip.,compensation_benefits_policy_en.docx,,,,
HR-202501-8888,2025-02-08 14:44:00,2025-02-09 17:44:00,Resolved,Low,E0068,Operations,E0086,Payroll,Tax Form,Payroll – Tax Form assistance,User E0068 requests help regarding Payroll/Tax Form.,compensation_benefits_policy_pl.docx,,,,
HR-202501-9178,2025-02-09 13:57:00,,Open,Urgent,E0048,Data Science,E0069,Policy,Code of Conduct,Policy – Code of Conduct assistance,User E0048 requests help regarding Policy/Code of Conduct.,code_of_conduct_en.docx,,hr-helpdesk,2025-01-27.json,
HR-202501-1389,2025-02-06 13:58:00,,Open,Medium,E0037,Finance,E0075,Payroll,Tax Form,Payroll – Tax Form assistance,User E0037 requests help regarding Payroll/Tax Form.,compensation_benefits_policy_en.docx,,all-hands,2025-01-20.json,
HR-202501-6816,2025-02-05 14:17:00,,Open,Low,E0094,Legal,E0069,Recruitment,Referral,Recruitment – Referral assitance,User E0094 requests help regarding Recruitment/Referral.,,,all-hands,2025-01-27.json,
HR-202501-7755,2025-01-25 10:53:00,2025-01-30 23:53:00,Closed,Low,E0070,Operations,E0015,Other,Question,Other – Question assistance,User E0070 requests help regarding Other/Question.,,,,,
HR-202501-6198,2025-02-01 11:08:00,2025-02-10 11:08:00,Closed,Medium,E0111,HR,E0018,Policy,GDPR,Policy – GDPR assistance,User E0111 requests help regarding Policy/GDPR.,code_of_conduct_pl_hardpush.docx,,,,
HR-202501-6321,2025-02-04 09:36:00,2025-02-09 11:36:00,Resolved,Low,E0016,Legal,E0042,Training,Mandatory,Training – Mandatory assistance,User E0016 requests help regarding Training/Mandatory.,training_development_policy_pl_expanded.docx,2025-01-27_1018_new_requisition.eml,,,
HR-202501-1250,2025-01-30 12:42:00,2025-02-02 23:42:00,Closed,Medium,E0068,Operations,E0042,Policy,GDPR,Policy – GDPR assistance,User E0068 requests help regarding Policy/GDPR.,code_of_conduct_pl_expanded.docx,,,,
HR-202501-1476,2025-01-30 10:54:00,,In Progress,High,E0032,Data Science,E0086,Benefits,Health,Benefits – Health assistance,User E0032 requests help regarding Benefits/Health.,compensation_benefits_policy_pl.docx,,,,
HR-202501-4330,2025-01-31 14:43:00,2025-02-09 18:43:00,Closed,Medium,E0116,Marketing,E0042,Recruitment,Referral,Recruitment – Referral assistance,User E0116 requests help regarding Recruitment/Referral.,,,,,
HR-202501-7013,2025-01-31 14:55:00,2025-02-06 08:55:00,Closed,High,E0029,HR,E0007,Leave,Balance,Leave – Balance assistance,User E0029 requests help regarding Leave/Balance.,leave_policy_pl_v2.docx,,,,
HR-202501-3262,2025-02-07 12:45:00,2025-02-15 03:45:00,Resolved,Medium,E0068,Operations,E0076,Payroll,Tax Form,Payroll – Tax Form assistance,User E0068 requests help regarding Payroll/Tax Form.,compensation_benefits_policy_pl.docx,,,,
HR-202501-5423,2025-02-02 10:23:00,,Resolved,Medium,E0080,Sales,E0024,Payroll,Tax Form,Payroll – Tax Form assistance,User E0080 requests help regarding Payroll/Tax Form.,compensation_benefits_policy_en.docx,,people-ops,2025-01-21.json,
HR-202501-3189,2025-01-21 10:10:00,2025-01-30 20:10:00,Resolved,Low,E0017,Sales,E0007,Payroll,Payslip,Payroll – Payslip assistance,User E0017 requests help regarding Payroll/Payslip.,compensation_benefits_policy_pl.docx,,all-hands,2025-01-20.json,
HR-202501-7511,2025-01-30 13:33:00,2025-02-01 07:33:00,Closed,High,E0078,Finance,E0051,Leave,Balance,Leave – Balance assistance,User E0078 requests help regarding Leave/Balance.,leave_policy_pl.docx,2025-01-30_0900_code_of_conduct_update.eml,people-ops,2025-01-20.json,_evidence\hr_ticket_aug_e8cdea4c659e48c7947a1e0086026e52.txt
HR-202501-4756,2025-02-07 09:44:00,,In Progress,High,E0005,Marketing,E0097,Training,Mandatory,Training – Mandatory assistance,User E0005 requests help regarding Training/Mandatory.,training_development_policy_pl.docx,,,,
HR-202501-1207,2025-01-27 10:18:00,,Open,Medium,E0081,Finance,E0069,Policy,GDPR,Policy – GDPR assitance,User E0081 requests help regarding Policy/GDPR.,code_of_conduct_pl_expanded.docx,,security,2025-01-24.json,
HR-202501-5164,2025-02-02 12:16:00,,Closed,Low,E0052,Marketing,E0029,Benefits,Health,Benefits – Health assistance,User E0052 requests help regarding Benefits/Health.,compensation_benefits_policy_pl.docx,2025-01-16_0353_flexible_work_arrangement_request_001.eml,,,
HR-202501-2429,2025-01-24 10:06:00,2025-01-25 17:06:00,Closed,High,E0010,Data Science,E0029,Leave,Policy,Leave – Policy assistance,User E0010 requests help regarding Leave/Policy.,leave_policy_pl.docx,,travel,2025-01-29.json,
HR-202501-2203,2025-01-23 12:15:00,2025-01-31 15:15:00,Closed,Medium,E0020,Finance,E0086,Benefits,Wellbeing,Benefits – Wellbeing assistance,User E0020 requests help regarding Benefits/Wellbeing.,compensation_benefits_policy_en.docx,2025-01-17_0432_leave_balance_clarification_001.eml,,,
HR-202501-8928,2025-01-22 12:08:00,2025-01-28 01:08:00,Closed,Low,E0072,IT,E0075,Leave,Policy,Leave – Policy assistance,User E0072 requests help regarding Leave/Policy.,leave_policy_pl.docx,,,,
HR-202501-5339,2025-01-25 14:06:00,2025-01-27 00:06:00,Resolved,Medium,E0091,Sales,E0015,Payroll,Payslip,Payroll – Payslip assistance,User E0091 requests help regarding Payroll/Payslip.,compensation_benefits_policy_en.docx,,,,
HR-202501-6067,2025-02-04 10:24:00,2025-02-12 00:24:00,Resolved,High,E0031,Sales,E0076,Policy,GDPR,Policy – GDPR assistance,User E0031 requests help regarding Policy/GDPR.,code_of_conduct_en.docx,,travel,2025-01-20.json,_evidence\hr_ticket_aug_694680d1193641859c40b75bf7128b8f.txt
HR-202501-8441,2025-01-28 13:45:00,,Closed,Medium,E0060,Data Science,E0030,Policy,GDPR,Policy – GDPR assistance,User E0060 requests help regarding Policy/GDPR.,code_of_conduct_pl_expanded.docx,,,,
HR-202501-3252,2025-02-08 17:10:00,2025-02-10 23:10:00,Resolved,Low,E0108,Legal,E0007,Policy,Code of Conduct,Policy – Code of Conduct assitance,User E0108 requests help regarding Policy/Code of Conduct.,code_of_conduct_pl_expanded.docx,2025-01-15_1255_expense_policy_question_001.eml,,,
HR-202501-4308,2025-01-17 11:22:00,2025-01-25 14:22:00,Resolved,Medium,E0109,Legal,E0051,Benefits,Wellbeing,Benefits – Wellbeing assistance,User E0109 requests help regarding Benefits/Wellbeing.,compensation_benefits_policy_pl.docx,,,,
HR-202501-5266,2025-01-23 17:04:00,2025-01-30 01:04:00,Resolved,Medium,E0099,Legal,E0033,Recruitment,Referral,Recruitment – Referral assitance,User E0099 requests help regarding Recruitment/Referral.,,2025-01-17_1301_new_requisition_draft_for_approval_001.eml,,,
HR-202501-7373,2025-01-25 12:14:00,,Open,Low,E0005,Marketing,E0075,Policy,GDPR,Policy – GDPR assistance,User E0005 requests help regarding Policy/GDPR.,code_of_conduct_pl_expanded.docx,,,,
HR-202501-9434,2025-02-07 14:09:00,2025-02-08 07:09:00,Resolved,High,E0033,HR,E0029,Benefits,Health,Benefits – Health assistance,User E0033 requests help regarding Benefits/Health.,compensation_benefits_policy_pl.docx,2025-01-17_1919_training_certificate_upload_issue_001.eml,,,
HR-202501-8712,2025-02-07 14:19:00,2025-02-14 14:19:00,Closed,Low,E0029,HR,E0097,Benefits,Health,Benefits – Health assistance,User E0029 requests help regarding Benefits/Health.,compensation_benefits_policy_en.docx,,security,2025-01-22.json,_evidence\hr_ticket_aug_65727d67854a4781bca3c2fcaf34e040.txt
HR-202501-9953,2025-01-21 12:35:00,,In Progress,Low,E0084,Legal,E0097,Benefits,Wellbeing,Benefits – Wellbeing assistance,User E0084 requests help regarding Benefits/Wellbeing.,compensation_benefits_policy_pl.docx,,,,_evidence\hr_ticket_aug_a28d0f0ad7374fef80e9228f6da74119.txt
HR-202501-9484,2025-01-22 10:07:00,2025-01-24 05:07:00,Resolved,Medium,E0106,Legal,E0097,Recruitment,Referral,Recruitment – Referral assistance,User E0106 requests help regarding Recruitment/Referral.,,2025-01-16_0353_flexible_work_arrangement_request_001.eml,,,
HR-202501-7574,2025-01-28 11:33:00,2025-02-05 06:33:00,Closed,Low,E0076,HR,E0042,Leave,Policy,Leave – Policy assistance,User E0076 requests help regarding Leave/Policy.,leave_policy_en.docx,,,,
HR-202501-3015,2025-02-02 17:14:00,2025-02-07 15:14:00,Closed,Medium,E0064,Marketing,E0097,Leave,Balance,Leave – Balance assistance,User E0064 requests help regarding Leave/Balance.,leave_policy_en.docx,,,,
HR-202501-4945,2025-02-02 11:35:00,,Open,Low,E0012,Data Science,E0018,Benefits,Health,Benefits – Health assistance,User E0012 requests help regarding Benefits/Health.,compensation_benefits_policy_pl.docx,,,,
HR-202501-9290,2025-01-31 12:53:00,2025-02-08 07:53:00,Closed,Medium,E0104,Data Science,E0030,Payroll,Tax Form,Payroll – Tax Form assistance,User E0104 requests help regarding Payroll/Tax Form.,compensation_benefits_policy_en.docx,2025-01-17_1706_health_insurance_coverage_question_reply_001.eml,,,
HR-202501-7314,2025-02-04 12:43:00,2025-02-12 02:43:00,Closed,Medium,E0017,Sales,E0042,Leave,Balance,Leave – Balance assistance,User E0017 requests help regarding Leave/Balance.,leave_policy_pl_v2.docx,2025-01-17_1919_training_certificate_upload_issue_001.eml,,,_evidence\hr_ticket_aug_2445859cc2a14515bf4260d5597c7835.txt
HR-202501-7098,2025-01-19 15:55:00,,Open,Medium,E0070,Operations,E0001,Policy,Code of Conduct,Policy – Code of Conduct assistance,User E0070 requests help regarding Policy/Code of Conduct.,code_of_conduct_en.docx,,,,
HR-202501-4045,2025-01-27 09:25:00,2025-02-02 14:25:00,Closed,Low,E0110,Data Science,E0015,Training,Mandatory,Training – Mandatory assistance,User E0110 requests help regarding Training/Mandatory.,training_development_policy_en.docx,,,,
HR-202501-5265,2025-01-27 16:25:00,2025-01-29 18:25:00,Resolved,Medium,E0094,Legal,E0001,Benefits,Health,Benefits – Health assistance,User E0094 requests help regarding Benefits/Health.,compensation_benefits_policy_pl.docx,,all-hands,2025-01-23.json,
HR-202501-4782,2025-01-22 10:41:00,2025-01-27 20:41:00,Resolved,Low,E0034,Finance,E0018,Leave,Policy,Leave – Policy assistance,User E0034 requests help regarding Leave/Policy.,leave_policy_pl.docx,2025-01-15_0941_leave_approval_reply.eml,,,
HR-202501-6665,2025-02-09 14:14:00,2025-02-15 12:14:00,Closed,High,E0119,Legal,E0069,Leave,Balance,Leave – Balance assistance,User E0119 requests help regarding Leave/Balance.,leave_policy_en.docx,,,,
HR-202501-4716,2025-01-22 16:50:00,2025-01-29 14:50:00,Resolved,Medium,E0105,IT,E0075,Payroll,Tax Form,Payroll – Tax Form assistance,User E0105 requests help regarding Payroll/Tax Form.,compensation_benefits_policy_pl.docx,,,,
HR-202501-1000,2025-01-24 13:05:00,2025-01-31 11:05:00,Closed,Low,E0005,Marketing,,Recruitment,Referral,Recruitment – Referral assistance,User E0005 requests help regarding Recruitment/Referral.,,2025-01-15_1805_travel_booking_exception_request_MALFORMED_001.eml,,,
HR-202501-9671,2025-01-18 11:51:00,2025-01-19 23:51:00,Closed,Low,E0069,HR,E0015,Leave,Balance,Leave – Balance assistance,User E0069 requests help regarding Leave/Balance.,leave_policy_pl_v2.docx,,,,
HR-202501-6218,2025-01-27 15:23:00,,In Progress,Medium,E0088,Marketing,E0097,Policy,GDPR,Policy – GDPR assistance,User E0088 requests help regarding Policy/GDPR.,code_of_conduct_pl.docx,,hr-helpdesk,2025-01-25.json,
HR-202501-4240,2025-01-30 11:55:00,2025-02-07 13:55:00,Closed,Low,E0098,Finance,E0097,Leave,Policy,Leave – Policy assistance,User E0098 requests help regarding Leave/Policy.,leave_policy_pl_v2.docx,2025-01-16_1559_new_requisition_draft_for_approval_001.eml,,,
HR-202501-8413,2025-02-06 16:59:00,2025-02-10 23:59:00,Resolved,Urgent,E0004,IT,E0076,Training,Mandatory,Training – Mandatory assistance,User E0004 requests help regarding Training/Mandatory.,training_development_policy_en.docx,2025-01-16_0353_flexible_work_arrangement_request_001.eml,,,_evidence\hr_ticket_aug_ad4d766a591e43f2926e6c625c409d64.txt
HR-202501-2726,2025-02-08 11:38:00,2025-02-11 07:38:00,Resolved,High,E0024,HR,E0029,Policy,Code of Conduct,Policy – Code of Conduct assistance,User E0024 requests help regarding Policy/Code of Conduct.,code_of_conduct_en.docx,,,,
HR-202501-3178,2025-01-15 17:48:00,2025-01-21 08:48:00,Closed,Medium,E0114,IT,E0051,Payroll,Payslip,Payroll – Payslip assistance,User E0114 requests help regarding Payroll/Payslip.,compensation_benefits_policy_en.docx,,,,
HR-202501-4384,2025-01-27 16:21:00,2025-02-04 16:21:00,Closed,Medium,E0078,Finance,E0015,Recruitment,Referral,Recruitment – Referral assistance,User E0078 requests help regarding Recruitment/Referral.,,,travel,2025-01-26.json,
HR-202501-6110,2025-01-23 10:18:00,2025-01-30 14:18:00,Resolved,Medium,E0100,Data Science,E0015,Payroll,Payslip,Payroll – Payslip assistance,User E0100 requests help regarding Payroll/Payslip.,compensation_benefits_policy_en.docx,2025-01-15_1056_flexible_work_arrangement_request_001.eml,,,
HR-202501-4271,2025-01-25 10:00:00,2025-02-01 17:00:00,Resolved,Medium,E0055,Finance,E0076,Recruitment,Referral,Recruitment – Referral assistance,User E0055 requests help regarding Recruitment/Referral.,,,people-ops,2025-01-29.json,
HR-202501-2338,2025-02-06 14:31:00,2025-02-12 11:31:00,Resolved,Low,E0114,IT,E0030,Benefits,Wellbeing,Benefits – Wellbeing assistance,User E0114 requests help regarding Benefits/Wellbeing.,compensation_benefits_policy_en.docx,,,,
HR-202501-5569,2025-01-21 17:51:00,2025-01-25 16:51:00,Resolved,Medium,E0055,Finance,E0051,Training,Mandatory,Training – Mandatory assistance,User E0055 requests help regarding Training/Mandatory.,training_development_policy_pl.docx,2025-01-16_0636_leave_balance_clarification_reply_001.eml,,,
HR-202501-8313,2025-01-31 14:05:00,,Open,Low,E0114,IT,E0030,Recruitment,Referral,Recruitment – Referral assistance,User E0114 requests help regarding Recruitment/Referral.,,,hr-helpdesk,2025-01-27.json,
HR-202501-7822,2025-01-17 17:04:00,2025-01-23 10:04:00,Resolved,Medium,E0045,Marketing,E0076,Policy,Code of Conduct,Policy – Code of Conduct assitance,User E0045 requests help regarding Policy/Code of Conduct.,code_of_conduct_en.docx,,hr-helpdesk,2025-01-26.json,
HR-202501-5316,2025-02-05 11:17:00,2025-02-05 20:17:00,Closed,Low,E0094,Legal,E0029,Recruitment,Referral,Recruitment – Referral assistance,User E0094 requests help regarding Recruitment/Referral.,,,,,
HR-202501-7002,2025-02-06 14:35:00,2025-02-15 10:35:00,Resolved,Urgent,E0090,IT,E0015,Payroll,Payslip,Payroll – Payslip assistance,User E0090 requests help regarding Payroll/Payslip.,compensation_benefits_policy_en.docx,,,,
HR-202501-1876,2025-01-30 14:59:00,2025-02-03 15:59:00,Resolved,High,E0004,IT,E0015,Payroll,Tax Form,Payroll – Tax Form assistance,User E0004 requests help regarding Payroll/Tax Form.,compensation_benefits_policy_pl.docx,,,,
HR-202501-9022,2025-02-05 13:57:00,2025-02-07 22:57:00,Closed,Low,E0086,HR,E0007,Policy,GDPR,Policy – GDPR assistance,User E0086 requests help regarding Policy/GDPR.,code_of_conduct_pl_hardpush.docx,2025-01-22_0801_lost_laptop.eml,,,
HR-202501-4900,2025-02-02 10:18:00,2025-02-03 13:18:00,Resolved,Urgent,E0027,Marketing,E0075,Policy,GDPR,Policy – GDPR assistance,User E0027 requests help regarding Policy/GDPR.,code_of_conduct_pl.docx,,,,
HR-202501-4163,2025-01-23 16:16:00,2025-01-26 19:16:00,Resolved,Medium,E0087,Legal,E0029,Recruitment,Referral,Recruitment – Referral assistance,User E0087 requests help regarding Recruitment/Referral.,,2025-01-16_0432_new_requisition_draft_for_approval_001.eml,,,
HR-202501-6667,2025-01-21 14:10:00,2025-01-30 05:10:00,Resolved,High,E0072,IT,E0029,Benefits,Wellbeing,Benefits – Wellbeing assistance,User E0072 requests help regarding Benefits/Wellbeing.,compensation_benefits_policy_pl.docx,2025-01-17_0814_leave_balance_clarification_reply_001.eml,travel,2025-01-30.json,
HR-202501-7744,2025-01-19 13:45:00,,Open,High,E0099,Legal,E0076,Recruitment,Referral,Recruitment – Referral assitance,User E0099 requests help regarding Recruitment/Referral.,,,,,
HR-202501-2648,2025-01-23 09:22:00,2025-01-30 06:22:00,Closed,Low,E0095,IT,E0111,Policy,GDPR,Policy – GDPR assistance,User E0095 requests help regarding Policy/GDPR.,code_of_conduct_en.docx,2025-01-17_1943_policy_acknowledgment_reminder_001.eml,,,
HR-202501-2674,2025-02-01 13:31:00,2025-02-05 22:31:00,Resolved,Medium,E0003,Data Science,E0076,Benefits,Health,Benefits – Health assistance,User E0003 requests help regarding Benefits/Health.,compensation_benefits_policy_en.docx,2025-01-17_0814_leave_balance_clarification_001.eml,,,
HR-202501-2743,2025-01-18 10:44:00,2025-01-23 17:44:00,Resolved,Low,E0003,Data Science,E0030,Training,Mandatory,Training – Mandatory assistance,User E0003 requests help regarding Training/Mandatory.,training_development_policy_pl.docx,,,,
HR-202501-4590,2025-01-27 14:57:00,2025-01-29 23:57:00,Closed,High,E0046,Operations,E0007,Benefits,Health,Benefits – Health assistance,User E0046 requests help regarding Benefits/Health.,compensation_benefits_policy_en.docx,2025-02-01_1000_offboarding_checklist.eml,,,
HR-202501-8449,2025-01-30 17:22:00,,In Progress,Low,E0104,Data Science,E0097,Other,Question,Other – Question assistance,User E0104 requests help regarding Other/Question.,,2025-01-15_0941_leave_approval_reply.eml,,,
HR-202501-8512,2025-01-19 15:04:00,2025-01-22 10:04:00,Resolved,Low,E0075,HR,E0097,Payroll,Payslip,Payroll – Payslip assistance,User E0075 requests help regarding Payroll/Payslip.,compensation_benefits_policy_en.docx,2025-01-16_0900_flexible_work_arrangement_request_reply_001.eml,,,
HR-202501-2470,2025-02-09 09:33:00,2025-02-09 20:33:00,Closed,Medium,E0055,Finance,E0007,Training,Mandatory,Training – Mandatory assistance,User E0055 requests help regarding Training/Mandatory.,training_development_policy_en.docx,,,,
HR-202501-6062,2025-02-07 15:59:00,2025-02-10 14:59:00,Closed,Low,E0037,Finance,E0033,Training,Mandatory,Training – Mandatory assistance,User E0037 requests help regarding Training/Mandatory.,training_development_policy_pl_expanded.docx,,,,
HR-202501-8213,2025-01-21 17:39:00,2025-01-29 10:39:00,Closed,Medium,E0008,Marketing,E0069,Training,Mandatory,Training – Mandatory assitance,User E0008 requests help regarding Training/Mandatory.,training_development_policy_pl_expanded.docx,,people-ops,2025-01-30.json,
HR-202501-3481,2025-02-03 11:19:00,,Waiting for Employee,Low,E0085,Data Science,E0001,Policy,Code of Conduct,Policy – Code of Conduct assistance,User E0085 requests help regarding Policy/Code of Conduct.,code_of_conduct_en.docx,,all-hands,2025-01-27.json,
HR-202501-1884,2025-01-17 09:11:00,2025-01-24 16:11:00,Closed,Low,E0107,Marketing,,Other,Question,Other – Question assistance,User E0107 requests help regarding Other/Question.,,,,,_evidence\hr_ticket_aug_49ce1829d8db45d3bb6a505692e0dc0d.txt
HR-202501-1224,2025-02-01 16:45:00,,Closed,Low,E0060,Data Science,E0030,Other,Question,Other – Question assistance,User E0060 requests help regarding Other/Question.,,,,,
HR-202501-8091,2025-02-05 14:06:00,2025-02-07 17:06:00,Resolved,High,E0092,IT,E0007,Leave,Balance,Leave – Balance assistance,User E0092 requests help regarding Leave/Balance.,leave_policy_pl_v2.docx,,,,
HR-202501-1875,2025-01-18 10:05:00,,Closed,Low,E0094,Legal,E0029,Recruitment,Referral,Recruitment – Referral assistance,User E0094 requests help regarding Recruitment/Referral.,,2025-01-15_1056_flexible_work_arrangement_request_001.eml,,,
HR-202501-2106,2025-02-08 15:51:00,2025-02-18 07:51:00,Closed,Low,E0093,Legal,E0033,Policy,GDPR,Policy – GDPR assistance,User E0093 requests help regarding Policy/GDPR.,code_of_conduct_pl.docx,2025-01-16_2115_health_insurance_coverage_question_001.eml,,,
HR-202501-7838,2025-02-01 14:10:00,,Open,Low,E0083,Legal,E0069,Policy,GDPR,Policy – GDPR assistance,User E0083 requests help regarding Policy/GDPR.,code_of_conduct_en.docx,,,,_evidence\hr_ticket_aug_fb6ef8eedea44169a58cb2f02bf26851.txt
HR-202501-5596,2025-02-06 14:55:00,2025-02-09 20:55:00,Closed,Low,E0117,Operations,E0033,Payroll,Payslip,Payroll – Payslip assistance,User E0117 requests help regarding Payroll/Payslip.,compensation_benefits_policy_en.docx,,,,
HR-202501-6217,2025-02-03 15:49:00,,In Progress,Medium,E0102,Sales,E0029,Payroll,Payslip,Payroll – Payslip assistance,User E0102 requests help regarding Payroll/Payslip.,compensation_benefits_policy_pl.docx,,,,
HR-202501-2108,2025-01-28 11:31:00,2025-02-05 15:31:00,Resolved,High,E0089,Sales,E0076,Leave,Balance,Leave – Balance assistance,User E0089 requests help regarding Leave/Balance.,leave_policy_pl.docx,,,,_evidence\hr_ticket_aug_798d3aec4afe4a97981ade881ed4652d.txt
HR-202501-1179,2025-02-05 11:12:00,,Resolved,High,E0116,Marketing,,Training,Mandatory,Training – Mandatory assistance,User E0116 requests help regarding Training/Mandatory.,training_development_policy_pl_expanded.docx,,hr-helpdesk,2025-01-24.json,
HR-202501-8346,2025-01-25 10:06:00,2025-02-01 14:06:00,Resolved,Urgent,E0067,Finance,E0051,Recruitment,Referral,Recruitment – Referral assistance,User E0067 requests help regarding Recruitment/Referral.,,,,,
HR-202501-0005,2025-01-24 15:13:00,2025-01-28 02:13:00,Closed,Low,E0055,Finance,E0051,Recruitment,Referral,Recruitment – Referral assitance,User E0055 requests help regarding Recruitment/Referral.,,2025-01-31_0912_flex_approval.eml,,,
HR-202501-0060,2025-01-29 10:32:00,2025-02-04 23:32:00,Closed,Urgent,E0061,Finance,E0097,Leave,Balance,Leave – Balance assistance,User E0061 requests help regarding Leave/Balance.,leave_policy_en.docx,,,,
HR-202501-8279,2025-02-05 17:31:00,2025-02-12 18:31:00,Resolved,Medium,E0012,Data Science,E0007,Policy,GDPR,Policy – GDPR assistance,User E0012 requests help regarding Policy/GDPR.,code_of_conduct_pl_hardpush.docx,2025-01-15_1255_expense_policy_question_001.eml,,,
HR-202501-0044,2025-02-01 09:18:00,2025-02-07 20:18:00,Resolved,Low,E0116,Marketing,E0097,Payroll,Tax Form,Payroll – Tax Form assistance,User E0116 requests help regarding Payroll/Tax Form.,compensation_benefits_policy_en.docx,,,,
HR-202501-7755,2025-01-25 10:53:00,2025-01-30 23:53:00,Closed,Low,E0070,Operations,E0015,Other,Question,Other – Question assistance,User E0070 requests help regarding Other/Question.,,,,,
HR-202501-0059,2025-01-30 11:50:00,,Resolved,Low,E0056,IT,,Policy,Code of Conduct,Policy – Code of Conduct assistance,User E0056 requests help regarding Policy/Code of Conduct.,code_of_conduct_en.docx,,,,
HR-202501-8512,2025-01-19 15:04:00,2025-01-22 10:04:00,Resolved,Low,E0075,HR,E0097,Payroll,Payslip,Payroll – Payslip assistance,User E0075 requests help regarding Payroll/Payslip.,compensation_benefits_policy_en.docx,2025-01-16_0900_flexible_work_arrangement_request_reply_001.eml,,,
HR-202501-0055,2025-01-19 14:53:00,2025-01-21 20:53:00,Resolved,Low,E0019,Sales,E0030,Benefits,Wellbeing,Benefits – Wellbeing assistance,User E0019 requests help regarding Benefits/Wellbeing.,compensation_benefits_policy_en.docx,,people-ops,2025-02-01.json,
HR-202501-0049,2025-01-15 12:56:00,,In Progress,Medium,E0052,Marketing,E0015,Benefits,Wellbeing,Benefits – Wellbeing assistance,User E0052 requests help regarding Benefits/Wellbeing.,compensation_benefits_policy_en.docx,2025-01-31_0912_flex_approval.eml,,,
HR-202501-0015,2025-01-25 09:42:00,2025-02-02 04:42:00,Closed,Medium,E0113,Sales,E0024,Policy,GDPR,Policy – GDPR assistance,User E0113 requests help regarding Policy/GDPR.,code_of_conduct_en.docx,,,,_evidence\hr_ticket_015_note.txt
